AREA,DEMIX_TILE,DEM,REF_DEM,REF_TYPE,GRID_FULL,RUFD_MIN,RUFD_Max,RUFD_Mean,RUFD_AVG,RUFD_STD,RUFD_MED,RUFD_RMSE,RUFD_MAE,RUFD_AB_MD,RUFD_AB_MN,RUFD_N,RUFD_LE90
brazil,S08PW038C,COP,md_pe3d_mdt_1m_elev_S08PW038C_1m_1sec_point,DTM,99.11,-8.61,9.66,0.09,0.45,0.70,0.09,0.71,0.46,0.30,0.09,128518,0.98
brazil,S08PW038C,COP,md_pe3d_mds_1m_elev_S08PW038C_1m_1sec_point,DSM,99.11,-12.23,9.65,-0.16,0.42,0.68,-0.13,0.70,0.43,0.28,0.16,128518,0.94
brazil,S08PW038C,SRTM,md_pe3d_mdt_1m_elev_S08PW038C_1m_1sec_point,DTM,99.11,-10.81,7.64,0.51,0.79,1.11,0.60,1.23,0.95,0.79,0.51,128518,1.88
brazil,S08PW038C,SRTM,md_pe3d_mds_1m_elev_S08PW038C_1m_1sec_point,DSM,99.11,-12.01,8.82,0.26,0.78,1.10,0.33,1.14,0.83,0.64,0.26,128518,1.71
brazil,S08PW038C,ALOS,md_pe3d_mdt_1m_elev_S08PW038C_1m_1sec_area,DTM,99.11,-6.67,13.95,0.31,0.47,0.77,0.26,0.83,0.53,0.36,0.31,128162,1.17
brazil,S08PW038C,ALOS,md_pe3d_mds_1m_elev_S08PW038C_1m_1sec_area,DSM,99.11,-11.77,13.76,0.07,0.48,0.76,0.04,0.76,0.48,0.33,0.07,128162,1.02
brazil,S08PW038C,NASA,md_pe3d_mdt_1m_elev_S08PW038C_1m_1sec_point,DTM,99.11,-9.69,7.10,0.46,0.80,1.11,0.56,1.20,0.93,0.78,0.46,128518,1.83
brazil,S08PW038C,NASA,md_pe3d_mds_1m_elev_S08PW038C_1m_1sec_point,DSM,99.11,-11.96,6.88,0.21,0.78,1.10,0.29,1.12,0.82,0.64,0.21,128518,1.68
brazil,S08PW038C,ASTER,md_pe3d_mdt_1m_elev_S08PW038C_1m_1sec_point,DTM,99.11,-14.61,12.78,1.72,1.14,1.57,1.76,2.33,1.98,1.83,1.72,128518,3.55
brazil,S08PW038C,ASTER,md_pe3d_mds_1m_elev_S08PW038C_1m_1sec_point,DSM,99.11,-14.61,12.67,1.47,1.11,1.54,1.50,2.13,1.76,1.59,1.47,128518,3.28
brazil,S08PW038C,FABDEM,md_pe3d_mdt_1m_elev_S08PW038C_1m_1sec_point,DTM,99.11,-8.03,10.84,-0.05,0.51,0.76,-0.05,0.76,0.51,0.35,0.05,128518,1.11
brazil,S08PW038C,FABDEM,md_pe3d_mds_1m_elev_S08PW038C_1m_1sec_point,DSM,99.11,-12.44,10.83,-0.29,0.51,0.77,-0.28,0.83,0.57,0.42,0.29,128518,1.21
brazil,S08PW038D,COP,md_pe3d_mdt_1m_elev_S08PW038D_1m_1sec_point,DTM,99.45,-18.07,17.30,0.01,1.05,1.62,0.18,1.62,1.05,0.67,0.01,128877,2.41
brazil,S08PW038D,COP,md_pe3d_mds_1m_elev_S08PW038D_1m_1sec_point,DSM,99.45,-18.07,18.21,-0.10,1.01,1.60,0.02,1.60,1.00,0.57,0.10,128877,2.41
brazil,S08PW038D,SRTM,md_pe3d_mdt_1m_elev_S08PW038D_1m_1sec_point,DTM,99.45,-19.50,52.29,-0.30,1.78,2.60,0.15,2.61,1.75,1.26,0.30,128877,3.69
brazil,S08PW038D,SRTM,md_pe3d_mds_1m_elev_S08PW038D_1m_1sec_point,DSM,99.45,-19.81,52.10,-0.41,1.73,2.55,0.01,2.59,1.69,1.16,0.41,128877,3.7
brazil,S08PW038D,ALOS,md_pe3d_mdt_1m_elev_S08PW038D_1m_1sec_area,DTM,99.45,-14.84,11.53,0.09,0.74,1.11,0.20,1.12,0.76,0.51,0.09,128520,1.71
brazil,S08PW038D,ALOS,md_pe3d_mds_1m_elev_S08PW038D_1m_1sec_area,DSM,99.45,-14.84,11.54,-0.02,0.70,1.05,0.03,1.06,0.70,0.46,0.02,128520,1.61
brazil,S08PW038D,NASA,md_pe3d_mdt_1m_elev_S08PW038D_1m_1sec_point,DTM,99.45,-19.45,46.60,-0.37,1.79,2.54,0.08,2.57,1.75,1.27,0.37,128877,3.73
brazil,S08PW038D,NASA,md_pe3d_mds_1m_elev_S08PW038D_1m_1sec_point,DSM,99.45,-20.16,46.47,-0.48,1.74,2.49,-0.04,2.54,1.70,1.17,0.48,128877,3.75
brazil,S08PW038D,ASTER,md_pe3d_mdt_1m_elev_S08PW038D_1m_1sec_point,DTM,99.45,-28.66,21.83,0.71,2.21,3.03,1.28,3.12,2.39,2.04,0.71,128877,4.5
brazil,S08PW038D,ASTER,md_pe3d_mds_1m_elev_S08PW038D_1m_1sec_point,DSM,99.45,-28.66,22.19,0.60,2.15,2.98,1.13,3.04,2.30,1.91,0.60,128877,4.44
brazil,S08PW038D,FABDEM,md_pe3d_mdt_1m_elev_S08PW038D_1m_1sec_point,DTM,99.45,-18.31,18.27,-0.15,1.09,1.65,0.01,1.66,1.08,0.67,0.15,128877,2.5
brazil,S08PW038D,FABDEM,md_pe3d_mds_1m_elev_S08PW038D_1m_1sec_point,DSM,99.45,-18.31,19.18,-0.26,1.07,1.65,-0.15,1.67,1.08,0.65,0.26,128877,2.54
brazil,S08QW038C,COP,md_pe3d_mdt_1m_elev_S08QW038C_1m_1sec_point,DTM,99.11,-18.66,15.67,0.03,0.59,1.07,0.06,1.07,0.59,0.34,0.03,128518,1.27
brazil,S08QW038C,COP,md_pe3d_mds_1m_elev_S08QW038C_1m_1sec_point,DSM,99.11,-19.29,14.85,-0.20,0.56,1.00,-0.15,1.02,0.57,0.34,0.20,128518,1.23
brazil,S08QW038C,SRTM,md_pe3d_mdt_1m_elev_S08QW038C_1m_1sec_point,DTM,99.11,-16.62,28.60,0.29,0.89,1.43,0.36,1.46,0.95,0.68,0.29,128518,1.94
brazil,S08QW038C,SRTM,md_pe3d_mds_1m_elev_S08QW038C_1m_1sec_point,DSM,99.11,-17.20,28.76,0.06,0.90,1.41,0.11,1.41,0.90,0.63,0.06,128518,1.86
brazil,S08QW038C,ALOS,md_pe3d_mdt_1m_elev_S08QW038C_1m_1sec_area,DTM,99.11,-7.93,18.68,0.34,0.56,0.83,0.24,0.90,0.60,0.39,0.34,128162,1.41
brazil,S08QW038C,ALOS,md_pe3d_mds_1m_elev_S08QW038C_1m_1sec_area,DSM,99.11,-7.93,18.07,0.10,0.51,0.74,0.07,0.74,0.51,0.37,0.10,128162,1.11
brazil,S08QW038C,NASA,md_pe3d_mdt_1m_elev_S08QW038C_1m_1sec_point,DTM,99.11,-19.76,48.73,0.23,0.90,1.55,0.31,1.57,0.94,0.67,0.23,128518,1.9
brazil,S08QW038C,NASA,md_pe3d_mds_1m_elev_S08QW038C_1m_1sec_point,DSM,99.11,-20.35,49.57,0.00,0.91,1.54,0.06,1.54,0.91,0.63,0.00,128518,1.85
brazil,S08QW038C,ASTER,md_pe3d_mdt_1m_elev_S08QW038C_1m_1sec_point,DTM,99.11,-20.78,18.55,1.11,1.12,1.69,1.17,2.02,1.56,1.32,1.11,128518,2.99
brazil,S08QW038C,ASTER,md_pe3d_mds_1m_elev_S08QW038C_1m_1sec_point,DSM,99.11,-21.36,17.02,0.87,1.12,1.65,0.91,1.87,1.39,1.12,0.87,128518,2.78
brazil,S08QW038C,FABDEM,md_pe3d_mdt_1m_elev_S08QW038C_1m_1sec_point,DTM,99.11,-19.66,17.15,-0.09,0.64,1.10,-0.07,1.10,0.64,0.41,0.09,128518,1.35
brazil,S08QW038C,FABDEM,md_pe3d_mds_1m_elev_S08QW038C_1m_1sec_point,DSM,99.11,-19.66,16.33,-0.32,0.67,1.09,-0.28,1.13,0.72,0.49,0.32,128518,1.51
brazil,S08QW038D,COP,md_pe3d_mdt_1m_elev_S08QW038D_1m_1sec_point,DTM,99.45,-5.22,6.81,0.13,0.36,0.49,0.11,0.51,0.37,0.27,0.13,128877,0.8
brazil,S08QW038D,COP,md_pe3d_mds_1m_elev_S08QW038D_1m_1sec_point,DSM,99.45,-5.58,6.79,0.07,0.33,0.46,0.05,0.46,0.33,0.24,0.07,128877,0.72
brazil,S08QW038D,SRTM,md_pe3d_mdt_1m_elev_S08QW038D_1m_1sec_point,DTM,99.45,-7.37,7.78,0.42,0.62,0.80,0.43,0.91,0.71,0.60,0.42,128877,1.46
brazil,S08QW038D,SRTM,md_pe3d_mds_1m_elev_S08QW038D_1m_1sec_point,DSM,99.45,-7.55,7.76,0.35,0.61,0.81,0.37,0.88,0.69,0.57,0.35,128877,1.42
brazil,S08QW038D,ALOS,md_pe3d_mdt_1m_elev_S08QW038D_1m_1sec_area,DTM,99.45,-4.28,9.23,0.27,0.40,0.59,0.19,0.65,0.43,0.29,0.27,128520,0.97
brazil,S08QW038D,ALOS,md_pe3d_mds_1m_elev_S08QW038D_1m_1sec_area,DSM,99.45,-4.28,8.45,0.21,0.40,0.59,0.15,0.62,0.42,0.29,0.21,128520,0.93
brazil,S08QW038D,NASA,md_pe3d_mdt_1m_elev_S08QW038D_1m_1sec_point,DTM,99.45,-7.20,7.66,0.37,0.62,0.81,0.40,0.89,0.70,0.59,0.37,128877,1.43
brazil,S08QW038D,NASA,md_pe3d_mds_1m_elev_S08QW038D_1m_1sec_point,DSM,99.45,-7.22,7.63,0.31,0.62,0.81,0.33,0.86,0.68,0.56,0.31,128877,1.38
brazil,S08QW038D,ASTER,md_pe3d_mdt_1m_elev_S08QW038D_1m_1sec_point,DTM,99.45,-7.99,20.23,1.67,0.95,1.31,1.62,2.12,1.77,1.64,1.67,128877,3.19
brazil,S08QW038D,ASTER,md_pe3d_mds_1m_elev_S08QW038D_1m_1sec_point,DSM,99.45,-8.02,20.18,1.61,0.95,1.31,1.56,2.07,1.72,1.58,1.61,128877,3.13
brazil,S08QW038D,FABDEM,md_pe3d_mdt_1m_elev_S08QW038D_1m_1sec_point,DTM,99.45,-4.81,7.08,-0.07,0.42,0.57,-0.08,0.57,0.43,0.33,0.07,128877,0.92
brazil,S08QW038D,FABDEM,md_pe3d_mds_1m_elev_S08QW038D_1m_1sec_point,DSM,99.45,-5.17,7.06,-0.14,0.42,0.57,-0.14,0.59,0.44,0.34,0.14,128877,0.93
la_palma,N28UW018B,COP,md_dtm-2m_1sec_point,DTM,87.18,-32.44,53.79,-0.00,1.38,2.30,-0.03,2.30,1.38,0.83,0.00,113481,3.17
la_palma,N28VW018B,COP,md_dtm-2m_1sec_point,DTM,100.00,-81.18,60.36,-1.14,2.88,5.67,-0.23,5.78,2.70,1.21,1.14,130321,5.9
la_palma,N28XW018A,COP,md_dtm-2m_1sec_point,DTM,91.08,-98.62,85.69,-1.72,3.90,7.19,-0.50,7.39,3.72,1.65,1.72,118593,8.61
la_palma,N28XW018B,COP,md_dtm-2m_1sec_point,DTM,100.00,-120.94,85.69,-4.64,7.43,11.32,-1.60,12.23,7.05,3.36,4.64,130321,18.54
la_palma,N28UW018B,COP,md_dsm_5m_1sec_point,DSM,87.18,-120.94,54.45,-0.50,1.30,2.18,-0.45,2.24,1.37,0.90,0.50,113473,2.95
la_palma,N28VW018B,COP,md_dsm_5m_1sec_point,DSM,100.00,-120.94,57.94,-1.64,2.87,5.92,-0.52,6.14,2.67,1.06,1.64,130321,5.78
la_palma,N28XW018A,COP,md_dsm_5m_1sec_point,DSM,91.08,-120.94,89.30,-2.21,3.86,7.17,-0.95,7.50,3.80,1.74,2.21,118601,8.71
la_palma,N28XW018B,COP,md_dsm_5m_1sec_point,DSM,100.00,-124.30,89.30,-5.49,7.64,11.54,-2.16,12.78,7.39,3.44,5.49,130321,19.77
la_palma,N28UW018B,SRTM,md_dtm-2m_1sec_point,DTM,87.18,-30.90,127.79,0.85,2.52,4.26,0.62,4.35,2.58,1.76,0.85,113481,5.56
la_palma,N28VW018B,SRTM,md_dtm-2m_1sec_point,DTM,100.00,-78.37,127.79,-1.07,3.53,6.05,-0.48,6.14,3.52,1.89,1.07,130321,8.16
la_palma,N28XW018A,SRTM,md_dtm-2m_1sec_point,DTM,91.08,-99.42,127.79,-2.06,4.44,7.58,-1.42,7.85,4.61,2.79,2.06,118593,9.98
la_palma,N28XW018B,SRTM,md_dtm-2m_1sec_point,DTM,100.00,-120.38,127.79,-3.34,7.74,11.83,-1.50,12.29,7.68,4.44,3.34,130321,18.73
la_palma,N28UW018B,SRTM,md_dsm_5m_1sec_point,DSM,87.18,-120.38,126.88,0.35,2.46,4.20,0.14,4.22,2.45,1.67,0.35,113473,5.27
la_palma,N28VW018B,SRTM,md_dsm_5m_1sec_point,DSM,100.00,-120.38,126.88,-1.56,3.59,6.27,-0.87,6.46,3.64,1.94,1.56,130321,8.29
la_palma,N28XW018A,SRTM,md_dsm_5m_1sec_point,DSM,91.08,-120.38,126.88,-2.55,4.38,7.56,-1.93,7.98,4.73,2.94,2.55,118601,10.12
la_palma,N28XW018B,SRTM,md_dsm_5m_1sec_point,DSM,100.00,-123.88,126.88,-4.20,7.93,12.06,-2.19,12.77,8.00,4.63,4.20,130321,19.58
la_palma,N28UW018B,ALOS,md_dtm-2m_1sec_area,DTM,87.18,-15.92,62.89,0.58,1.29,2.53,0.30,2.59,1.30,0.77,0.58,113577,2.73
la_palma,N28VW018B,ALOS,md_dtm-2m_1sec_area,DTM,100.00,-84.96,67.80,-0.76,2.59,4.88,-0.23,4.94,2.53,1.18,0.76,130321,5.93
la_palma,N28XW018A,ALOS,md_dtm-2m_1sec_area,DTM,91.08,-84.96,102.31,-0.45,2.26,5.04,-0.19,5.06,2.25,1.03,0.45,118528,4.68
la_palma,N28XW018B,ALOS,md_dtm-2m_1sec_area,DTM,100.00,-120.99,102.31,-1.59,4.57,8.42,-0.04,8.56,4.21,1.74,1.59,130321,10.09
la_palma,N28UW018B,ALOS,md_dsm_5m_1sec_area,DSM,87.18,-120.99,62.89,0.08,1.33,2.56,-0.08,2.56,1.32,0.86,0.08,113559,2.7
la_palma,N28VW018B,ALOS,md_dsm_5m_1sec_area,DSM,100.00,-120.99,71.84,-1.26,2.57,5.12,-0.57,5.27,2.54,1.17,1.26,130321,5.72
la_palma,N28XW018A,ALOS,md_dsm_5m_1sec_area,DSM,91.08,-120.99,92.20,-0.94,2.32,5.08,-0.58,5.16,2.38,1.21,0.94,118565,4.68
la_palma,N28XW018B,ALOS,md_dsm_5m_1sec_area,DSM,100.00,-125.23,92.20,-2.44,4.64,8.50,-0.58,8.84,4.25,1.73,2.44,130321,10.38
la_palma,N28UW018B,NASA,md_dtm-2m_1sec_point,DTM,87.18,-32.06,86.63,0.47,2.39,3.70,0.36,3.73,2.41,1.65,0.47,113481,5.3
la_palma,N28VW018B,NASA,md_dtm-2m_1sec_point,DTM,100.00,-76.76,92.73,-1.26,3.50,6.04,-0.73,6.17,3.54,1.93,1.26,130321,8.24
la_palma,N28XW018A,NASA,md_dtm-2m_1sec_point,DTM,91.08,-100.47,105.00,-2.84,4.32,7.24,-2.07,7.78,4.71,2.95,2.84,118593,10.2
la_palma,N28XW018B,NASA,md_dtm-2m_1sec_point,DTM,100.00,-115.70,105.00,-3.10,7.34,11.44,-1.68,11.86,7.41,4.38,3.10,130321,17.71
la_palma,N28UW018B,NASA,md_dsm_5m_1sec_point,DSM,87.18,-115.70,85.72,-0.03,2.35,3.64,-0.12,3.64,2.35,1.63,0.03,113473,5.15
la_palma,N28VW018B,NASA,md_dsm_5m_1sec_point,DSM,100.00,-115.70,87.26,-1.75,3.54,6.22,-1.11,6.46,3.69,2.04,1.75,130321,8.32
la_palma,N28XW018A,NASA,md_dsm_5m_1sec_point,DSM,91.08,-115.70,107.67,-3.33,4.28,7.26,-2.60,7.99,4.94,3.23,3.33,118601,10.44
la_palma,N28XW018B,NASA,md_dsm_5m_1sec_point,DSM,100.00,-118.25,107.67,-3.96,7.52,11.65,-2.34,12.30,7.73,4.59,3.96,130321,18.49
la_palma,N28UW018B,ASTER,md_dtm-2m_1sec_point,DTM,87.18,-38.12,109.39,1.08,2.65,4.17,0.97,4.31,2.80,1.98,1.08,113481,5.97
la_palma,N28VW018B,ASTER,md_dtm-2m_1sec_point,DTM,100.00,-77.16,109.39,-0.66,4.12,6.65,0.15,6.68,4.04,2.29,0.66,130321,9.43
la_palma,N28XW018A,ASTER,md_dtm-2m_1sec_point,DTM,91.08,-100.78,113.01,-1.88,5.07,8.32,-1.01,8.53,5.10,3.08,1.88,118593,11.14
la_palma,N28XW018B,ASTER,md_dtm-2m_1sec_point,DTM,100.00,-118.01,113.01,-3.51,8.22,12.08,-1.44,12.58,8.11,4.98,3.51,130321,19.07
la_palma,N28UW018B,ASTER,md_dsm_5m_1sec_point,DSM,87.18,-118.01,109.62,0.58,2.55,4.07,0.47,4.11,2.58,1.79,0.58,113473,5.49
la_palma,N28VW018B,ASTER,md_dsm_5m_1sec_point,DSM,100.00,-118.01,109.62,-1.15,4.15,6.83,-0.25,6.93,4.05,2.19,1.15,130321,9.55
la_palma,N28XW018A,ASTER,md_dsm_5m_1sec_point,DSM,91.08,-118.01,114.79,-2.37,4.97,8.27,-1.53,8.61,5.13,3.12,2.37,118601,11.07
la_palma,N28XW018B,ASTER,md_dsm_5m_1sec_point,DSM,100.00,-121.28,114.79,-4.36,8.40,12.32,-2.18,13.07,8.41,5.10,4.36,130321,20.05
la_palma,N28UW018B,FABDEM,md_dtm-2m_1sec_point,DTM,87.18,-32.47,52.98,-0.51,1.43,2.25,-0.41,2.31,1.48,0.96,0.51,113481,3.33
la_palma,N28VW018B,FABDEM,md_dtm-2m_1sec_point,DTM,100.00,-80.98,84.39,-1.59,2.94,5.66,-0.75,5.88,2.94,1.44,1.59,130321,6.5
la_palma,N28XW018A,FABDEM,md_dtm-2m_1sec_point,DTM,91.08,-100.68,84.39,-2.47,4.01,7.26,-1.29,7.67,4.09,2.07,2.47,118593,9.31
la_palma,N28XW018B,FABDEM,md_dtm-2m_1sec_point,DTM,100.00,-121.13,84.39,-4.64,7.38,11.32,-1.86,12.23,7.16,3.56,4.64,130321,18.46
la_palma,N28UW018B,FABDEM,md_dsm_5m_1sec_point,DSM,87.18,-121.13,53.21,-1.00,1.55,2.35,-0.88,2.55,1.75,1.26,1.00,113473,3.78
la_palma,N28VW018B,FABDEM,md_dsm_5m_1sec_point,DSM,100.00,-121.13,80.26,-2.08,3.05,5.95,-1.12,6.30,3.16,1.62,2.08,130321,6.64
la_palma,N28XW018A,FABDEM,md_dsm_5m_1sec_point,DSM,91.08,-121.13,80.26,-2.95,4.12,7.34,-1.75,7.92,4.40,2.42,2.95,118601,9.63
la_palma,N28XW018B,FABDEM,md_dsm_5m_1sec_point,DSM,100.00,-124.45,80.26,-5.49,7.61,11.56,-2.50,12.80,7.58,3.81,5.49,130321,19.68
norway,N59QE009G,COP,md_dtm1m_1.5x1sec_point,DTM,76.65,-37.94,22.54,-0.93,2.49,3.55,-0.60,3.67,2.54,1.74,0.93,110988,5.73
norway,N59RE009G,COP,md_dtm1m_1.5x1sec_point,DTM,100.00,-37.94,22.54,-0.44,1.95,2.73,-0.31,2.76,1.97,1.40,0.44,144761,4.43
norway,N59RE010A,COP,md_dtm1m_1.5x1sec_point,DTM,100.00,-37.94,22.54,-0.38,2.02,2.82,-0.21,2.84,2.03,1.47,0.38,144761,4.52
norway,N59RE010B,COP,md_dtm1m_1.5x1sec_point,DTM,100.00,-37.94,22.54,0.32,1.88,2.67,0.19,2.69,1.89,1.30,0.32,144761,4.47
norway,N59RE010C,COP,md_dtm1m_1.5x1sec_point,DTM,100.00,-37.94,22.54,1.51,1.98,2.66,0.87,3.06,2.07,1.29,1.51,144761,5.32
norway,N59TE009G,COP,md_dtm1m_1.5x1sec_point,DTM,93.44,-37.94,22.54,0.20,1.74,2.43,0.09,2.44,1.74,1.21,0.20,135292,3.99
norway,N59TE010A,COP,md_dtm1m_1.5x1sec_point,DTM,99.12,-37.94,22.54,0.16,1.69,2.38,0.13,2.39,1.70,1.20,0.16,143499,3.88
norway,N59TE010B,COP,md_dtm1m_1.5x1sec_point,DTM,100.00,-37.94,22.54,0.79,1.78,2.53,0.51,2.65,1.83,1.23,0.79,144761,4.39
norway,N59TE010C,COP,md_dtm1m_1.5x1sec_point,DTM,100.00,-37.94,22.54,0.50,1.34,2.30,0.00,2.36,1.15,0.03,0.50,144761,3.77
norway,N59QE009G,COP,md_dsm1m_1sec_point,DSM,76.65,-39.70,31.59,-1.07,2.67,3.80,-0.79,3.95,2.76,1.91,1.07,110972,6.29
norway,N59RE009G,COP,md_dsm1m_1sec_point,DSM,100.00,-39.70,31.59,-1.19,2.16,3.03,-0.98,3.25,2.33,1.70,1.19,144761,5.13
norway,N59RE010A,COP,md_dsm1m_1sec_point,DSM,100.00,-45.09,31.59,-1.19,2.23,3.14,-0.98,3.36,2.39,1.74,1.19,144761,5.27
norway,N59RE010B,COP,md_dsm1m_1sec_point,DSM,100.00,-45.09,31.59,-1.20,1.99,2.73,-0.80,2.98,2.09,1.42,1.20,144761,4.94
norway,N59RE010C,COP,md_dsm1m_1sec_point,DSM,100.00,-45.09,31.59,-0.95,1.73,2.47,-0.41,2.65,1.72,1.03,0.95,144761,4.31
norway,N59TE009G,COP,md_dsm1m_1sec_point,DSM,93.44,-45.09,31.59,-0.93,1.88,2.63,-0.82,2.79,2.02,1.48,0.93,135280,4.48
norway,N59TE010A,COP,md_dsm1m_1sec_point,DSM,99.12,-45.09,31.59,-1.10,1.97,2.72,-0.89,2.94,2.13,1.54,1.10,143491,4.76
norway,N59TE010B,COP,md_dsm1m_1sec_point,DSM,100.00,-45.09,31.59,-1.14,1.96,2.74,-0.75,2.97,2.05,1.40,1.14,144761,4.81
norway,N59TE010C,COP,md_dsm1m_1sec_point,DSM,100.00,-236.04,31.59,-0.89,1.80,4.35,-0.06,4.44,1.66,0.72,0.89,105735,4.36
norway,N59QE009G,SRTM,md_dtm1m_1sec_point,DTM,76.65,-49.98,38.04,-4.09,3.71,5.03,-3.28,6.48,4.71,3.52,4.09,166320,10.32
norway,N59RE009G,SRTM,md_dtm1m_1sec_point,DTM,100.00,-49.98,38.04,-3.28,2.83,3.78,-2.70,5.00,3.72,2.86,3.28,216961,8.02
norway,N59RE010A,SRTM,md_dtm1m_1sec_point,DTM,100.00,-49.98,38.04,-3.09,2.86,3.83,-2.50,4.92,3.62,2.73,3.09,216961,7.93
norway,N59RE010B,SRTM,md_dtm1m_1sec_point,DTM,100.00,-49.98,38.04,-1.90,2.34,3.11,-1.32,3.65,2.57,1.74,1.90,216961,5.98
norway,N59RE010C,SRTM,md_dtm1m_1sec_point,DTM,100.00,-49.98,38.04,-0.42,1.73,2.64,0.00,2.67,1.64,0.97,0.42,216961,3.87
norway,N59TE009G,SRTM,md_dtm1m_1sec_point,DTM,93.44,-49.98,78.43,-2.02,2.41,3.40,-1.63,3.96,2.81,2.05,2.02,202756,6.15
norway,N59TE010A,SRTM,md_dtm1m_1sec_point,DTM,99.12,-49.98,78.43,-2.09,2.40,3.25,-1.62,3.86,2.78,2.01,2.09,215062,6.16
norway,N59TE010B,SRTM,md_dtm1m_1sec_point,DTM,100.00,-49.98,78.43,-1.24,2.03,2.86,-0.69,3.12,2.07,1.32,1.24,216961,4.83
norway,N59TE010C,SRTM,md_dtm1m_1sec_point,DTM,100.00,-49.98,78.43,-0.57,1.53,2.74,0.00,2.80,1.29,0.04,0.57,216961,3.91
norway,N59QE009G,SRTM,md_dsm1m_1sec_point,DSM,76.65,-49.98,36.69,-4.10,3.40,4.57,-3.34,6.14,4.58,3.49,4.10,166315,9.95
norway,N59RE009G,SRTM,md_dsm1m_1sec_point,DSM,100.00,-49.98,36.69,-3.81,2.80,3.71,-3.16,5.32,4.08,3.23,3.81,216961,8.61
norway,N59RE010A,SRTM,md_dsm1m_1sec_point,DSM,100.00,-51.68,36.69,-3.71,2.70,3.61,-3.16,5.18,3.99,3.23,3.71,216961,8.3
norway,N59RE010B,SRTM,md_dsm1m_1sec_point,DSM,100.00,-51.68,36.69,-3.29,2.68,3.43,-2.64,4.75,3.56,2.70,3.29,216961,7.98
norway,N59RE010C,SRTM,md_dsm1m_1sec_point,DSM,100.00,-51.68,36.69,-2.71,2.61,3.38,-1.95,4.33,3.01,2.08,2.71,216961,7.17
norway,N59TE009G,SRTM,md_dsm1m_1sec_point,DSM,93.44,-51.68,80.08,-3.05,2.46,3.46,-2.59,4.61,3.45,2.72,3.05,202756,7.23
norway,N59TE010A,SRTM,md_dsm1m_1sec_point,DSM,99.12,-51.68,80.08,-3.17,2.47,3.29,-2.71,4.57,3.50,2.80,3.17,215062,7.36
norway,N59TE010B,SRTM,md_dsm1m_1sec_point,DSM,100.00,-51.68,80.08,-3.11,2.63,3.41,-2.49,4.61,3.41,2.58,3.11,216961,7.65
norway,N59TE010C,SRTM,md_dsm1m_1sec_point,DSM,100.00,-236.04,80.08,-2.23,2.72,4.88,-0.98,5.36,2.68,1.46,2.23,158406,6.97
norway,N59QE009G,ALOS,md_dtm1m_1sec_area,DTM,76.65,-34.08,34.72,-0.15,2.67,3.65,-0.02,3.65,2.67,1.96,0.15,167238,5.91
norway,N59RE009G,ALOS,md_dtm1m_1sec_area,DTM,100.00,-34.08,34.72,0.42,2.14,2.89,0.33,2.92,2.16,1.59,0.42,216961,4.8
norway,N59RE010A,ALOS,md_dtm1m_1sec_area,DTM,100.00,-44.15,47.08,-0.67,2.41,3.62,-0.48,3.68,2.45,1.66,0.67,217322,5.35
norway,N59RE010B,ALOS,md_dtm1m_1sec_area,DTM,100.00,-44.15,47.08,-1.02,2.66,3.88,-0.77,4.01,2.74,1.84,1.02,216600,6.28
norway,N59RE010C,ALOS,md_dtm1m_1sec_area,DTM,100.00,-44.15,47.08,1.23,2.44,3.66,0.84,3.86,2.53,1.68,1.23,216961,5.9
norway,N59TE009G,ALOS,md_dtm1m_1sec_area,DTM,93.44,-44.15,47.08,1.09,2.00,2.71,0.77,2.92,2.11,1.48,1.09,201838,4.86
norway,N59TE010A,ALOS,md_dtm1m_1sec_area,DTM,99.12,-44.15,47.08,0.71,2.08,2.86,0.60,2.95,2.14,1.55,0.71,214913,4.78
norway,N59TE010B,ALOS,md_dtm1m_1sec_area,DTM,100.00,-44.15,47.08,-1.06,2.17,3.12,-0.57,3.29,2.19,1.42,1.06,216600,5.04
norway,N59TE010C,ALOS,md_dtm1m_1sec_area,DTM,100.00,-44.15,47.08,0.26,1.41,2.78,0.00,2.79,1.30,0.03,0.26,216961,3.95
norway,N59QE009G,ALOS,md_dsm1m_1sec_area,DSM,76.65,-44.15,34.72,-0.17,2.05,2.97,0.10,2.97,2.04,1.39,0.17,167238,4.58
norway,N59RE009G,ALOS,md_dsm1m_1sec_area,DSM,100.00,-44.15,34.72,-0.13,1.73,2.46,0.01,2.46,1.73,1.22,0.13,216961,3.84
norway,N59RE010A,ALOS,md_dsm1m_1sec_area,DSM,100.00,-44.15,47.29,-1.30,2.48,3.66,-0.81,3.88,2.56,1.65,1.30,217322,5.88
norway,N59RE010B,ALOS,md_dsm1m_1sec_area,DSM,100.00,-44.15,47.29,-2.43,2.79,3.92,-1.93,4.61,3.30,2.31,2.43,216600,7.56
norway,N59RE010C,ALOS,md_dsm1m_1sec_area,DSM,100.00,-44.15,47.29,-1.13,2.38,3.54,-0.60,3.72,2.39,1.49,1.13,216961,5.89
norway,N59TE009G,ALOS,md_dsm1m_1sec_area,DSM,93.44,-44.15,47.29,0.02,1.60,2.32,0.06,2.32,1.60,1.09,0.02,201838,3.57
norway,N59TE010A,ALOS,md_dsm1m_1sec_area,DSM,99.12,-44.15,47.29,-0.42,1.91,2.68,-0.18,2.71,1.90,1.31,0.42,214913,4.31
norway,N59TE010B,ALOS,md_dsm1m_1sec_area,DSM,100.00,-44.15,47.29,-2.93,2.75,3.63,-2.34,4.67,3.42,2.54,2.93,216600,7.71
norway,N59TE010C,ALOS,md_dsm1m_1sec_area,DSM,100.00,-245.70,47.29,-1.11,2.04,4.54,-0.12,4.68,1.90,0.89,1.11,157898,4.94
norway,N59QE009G,NASA,md_dtm1m_1sec_point,DTM,76.65,-53.70,34.65,-4.01,3.64,4.95,-3.25,6.37,4.64,3.48,4.01,166320,10.1
norway,N59RE009G,NASA,md_dtm1m_1sec_point,DTM,100.00,-53.70,34.65,-3.26,2.79,3.72,-2.70,4.94,3.70,2.87,3.26,216961,7.92
norway,N59RE010A,NASA,md_dtm1m_1sec_point,DTM,100.00,-53.70,37.32,-3.05,2.81,3.78,-2.52,4.86,3.59,2.73,3.05,216961,7.82
norway,N59RE010B,NASA,md_dtm1m_1sec_point,DTM,100.00,-53.70,37.32,-1.92,2.32,3.07,-1.35,3.62,2.57,1.76,1.92,216961,5.96
norway,N59RE010C,NASA,md_dtm1m_1sec_point,DTM,100.00,-53.70,37.32,-0.43,1.74,2.65,0.00,2.68,1.65,0.99,0.43,216961,3.87
norway,N59TE009G,NASA,md_dtm1m_1sec_point,DTM,93.44,-53.70,37.32,-2.02,2.36,3.20,-1.63,3.78,2.76,2.05,2.02,202756,6.05
norway,N59TE010A,NASA,md_dtm1m_1sec_point,DTM,99.12,-53.70,41.39,-2.08,2.38,3.26,-1.66,3.86,2.78,2.03,2.08,215062,6.17
norway,N59TE010B,NASA,md_dtm1m_1sec_point,DTM,100.00,-53.70,41.39,-1.25,2.03,2.84,-0.72,3.11,2.08,1.32,1.25,216961,4.86
norway,N59TE010C,NASA,md_dtm1m_1sec_point,DTM,100.00,-53.70,43.02,-0.49,1.56,2.88,0.00,2.92,1.34,0.04,0.49,216961,4.1
norway,N59QE009G,NASA,md_dsm1m_1sec_point,DSM,76.65,-53.70,33.74,-4.03,3.37,4.53,-3.29,6.06,4.52,3.45,4.03,166315,9.81
norway,N59RE009G,NASA,md_dsm1m_1sec_point,DSM,100.00,-53.70,33.74,-3.78,2.78,3.68,-3.15,5.28,4.06,3.22,3.78,216961,8.54
norway,N59RE010A,NASA,md_dsm1m_1sec_point,DSM,100.00,-53.70,41.35,-3.67,2.68,3.59,-3.15,5.14,3.97,3.22,3.67,216961,8.22
norway,N59RE010B,NASA,md_dsm1m_1sec_point,DSM,100.00,-53.70,41.35,-3.31,2.67,3.41,-2.68,4.75,3.57,2.74,3.31,216961,7.97
norway,N59RE010C,NASA,md_dsm1m_1sec_point,DSM,100.00,-53.70,41.35,-2.71,2.63,3.41,-1.97,4.36,3.04,2.12,2.71,216961,7.25
norway,N59TE009G,NASA,md_dsm1m_1sec_point,DSM,93.44,-53.70,41.35,-3.04,2.42,3.28,-2.59,4.47,3.42,2.71,3.04,202756,7.17
norway,N59TE010A,NASA,md_dsm1m_1sec_point,DSM,99.12,-53.70,45.84,-3.15,2.46,3.33,-2.73,4.59,3.51,2.83,3.15,215062,7.36
norway,N59TE010B,NASA,md_dsm1m_1sec_point,DSM,100.00,-53.70,45.84,-3.11,2.64,3.42,-2.53,4.63,3.43,2.63,3.11,216961,7.68
norway,N59TE010C,NASA,md_dsm1m_1sec_point,DSM,100.00,-236.04,45.84,-2.12,2.76,4.98,-0.94,5.41,2.73,1.50,2.12,158406,7.05
norway,N59QE009G,ASTER,md_dtm1m_1sec_point,DTM,76.65,-50.97,40.63,-2.07,4.33,5.77,-1.48,6.13,4.48,3.35,2.07,166320,9.71
norway,N59RE009G,ASTER,md_dtm1m_1sec_point,DTM,100.00,-50.97,40.63,-0.96,3.49,4.62,-0.57,4.72,3.51,2.69,0.96,216961,7.52
norway,N59RE010A,ASTER,md_dtm1m_1sec_point,DTM,100.00,-50.97,41.02,-0.31,3.71,5.02,0.08,5.03,3.69,2.81,0.31,216961,7.92
norway,N59RE010B,ASTER,md_dtm1m_1sec_point,DTM,100.00,-50.97,41.02,0.20,2.92,3.94,0.58,3.95,2.95,2.31,0.20,216961,6.14
norway,N59RE010C,ASTER,md_dtm1m_1sec_point,DTM,100.00,-50.97,41.02,1.33,2.15,3.09,1.58,3.36,2.49,2.10,1.33,216961,5.11
norway,N59TE009G,ASTER,md_dtm1m_1sec_point,DTM,93.44,-50.97,41.03,1.64,3.44,4.69,1.76,4.97,3.76,3.00,1.64,202756,7.79
norway,N59TE010A,ASTER,md_dtm1m_1sec_point,DTM,99.12,-50.97,41.03,0.89,3.21,4.34,1.12,4.43,3.35,2.65,0.89,215062,7.03
norway,N59TE010B,ASTER,md_dtm1m_1sec_point,DTM,100.00,-50.97,41.03,2.67,3.29,4.55,2.63,5.28,4.01,3.26,2.67,216961,8.23
norway,N59TE010C,ASTER,md_dtm1m_1sec_point,DTM,100.00,-50.97,41.07,0.41,1.81,3.32,0.00,3.35,1.66,0.05,0.41,216961,4.97
norway,N59QE009G,ASTER,md_dsm1m_1sec_point,DSM,76.65,-50.97,40.55,-2.08,4.12,5.47,-1.59,5.85,4.32,3.22,2.08,166315,9.51
norway,N59RE009G,ASTER,md_dsm1m_1sec_point,DSM,100.00,-50.97,40.55,-1.50,3.44,4.56,-1.11,4.80,3.56,2.68,1.50,216961,7.77
norway,N59RE010A,ASTER,md_dsm1m_1sec_point,DSM,100.00,-50.97,43.96,-0.95,3.58,4.86,-0.69,4.95,3.63,2.74,0.95,216961,7.86
norway,N59RE010B,ASTER,md_dsm1m_1sec_point,DSM,100.00,-50.97,43.96,-1.24,3.14,4.11,-0.89,4.30,3.22,2.47,1.24,216961,6.95
norway,N59RE010C,ASTER,md_dsm1m_1sec_point,DSM,100.00,-50.97,43.96,-1.01,2.85,3.80,-0.19,3.94,2.79,2.08,1.01,216961,6.34
norway,N59TE009G,ASTER,md_dsm1m_1sec_point,DSM,93.44,-50.97,43.96,0.58,3.42,4.69,0.65,4.72,3.47,2.61,0.58,202756,7.49
norway,N59TE010A,ASTER,md_dsm1m_1sec_point,DSM,99.12,-50.97,43.96,-0.22,3.22,4.30,-0.02,4.31,3.21,2.47,0.22,215062,6.9
norway,N59TE010B,ASTER,md_dsm1m_1sec_point,DSM,100.00,-50.97,43.96,0.73,3.68,4.91,0.67,4.97,3.72,2.91,0.73,216961,7.87
norway,N59TE010C,ASTER,md_dsm1m_1sec_point,DSM,100.00,-236.04,43.96,-0.92,2.80,5.31,-0.02,5.39,2.60,1.41,0.92,158406,6.7
norway,N59QE009G,FABDEM,md_dtm1m_1sec_point,DTM,76.65,-43.24,32.00,-2.63,3.32,4.57,-2.06,5.28,3.79,2.77,2.63,165790,8.4
norway,N59RE009G,FABDEM,md_dtm1m_1sec_point,DTM,100.00,-43.24,32.00,-2.17,2.61,3.56,-1.83,4.17,3.07,2.32,2.17,216239,6.7
norway,N59TE009G,FABDEM,md_dtm1m_1sec_point,DTM,93.44,-43.24,32.00,-1.25,2.16,2.97,-1.05,3.22,2.35,1.74,1.25,202058,5.16
norway,N59QE009G,FABDEM,md_dsm1m_1sec_point,DSM,76.65,-43.24,28.38,-2.64,3.02,4.12,-2.20,4.89,3.62,2.73,2.64,165785,7.94
norway,N59RE009G,FABDEM,md_dsm1m_1sec_point,DSM,100.00,-43.24,28.38,-2.71,2.50,3.40,-2.37,4.35,3.31,2.63,2.71,216239,6.97
norway,N59TE009G,FABDEM,md_dsm1m_1sec_point,DSM,93.44,-43.24,28.38,-2.27,2.15,2.89,-2.05,3.67,2.84,2.29,2.27,202058,5.92
pyrenees,N43PW002B,COP,md_dtm_2m_1sec_point,DTM,100.00,-23.41,20.15,0.16,2.31,3.10,0.02,3.10,2.31,1.75,0.16,130321,5.03
pyrenees,N43PW002C,COP,md_dtm_2m_1sec_point,DTM,100.00,-23.41,21.13,0.25,2.32,3.09,0.13,3.10,2.32,1.77,0.25,130321,5.03
pyrenees,N43PW002B,COP,md_dsm_5m_1sec_point,DSM,100.00,-23.41,18.90,-1.03,2.02,2.75,-0.91,2.94,2.17,1.64,1.03,130321,4.73
pyrenees,N43PW002C,COP,md_dsm_5m_1sec_point,DSM,100.00,-23.41,18.90,-0.93,1.89,2.59,-0.89,2.75,2.05,1.56,0.93,130321,4.42
pyrenees,N43PW002B,SRTM,md_dtm_2m_1sec_point,DTM,100.00,-21.51,18.40,-0.34,2.74,3.59,-0.37,3.61,2.76,2.19,0.34,130321,5.82
pyrenees,N43PW002C,SRTM,md_dtm_2m_1sec_point,DTM,100.00,-21.86,20.12,-0.21,2.73,3.56,-0.21,3.57,2.74,2.18,0.21,130321,5.83
pyrenees,N43PW002B,SRTM,md_dsm_5m_1sec_point,DSM,100.00,-21.86,16.92,-1.52,2.82,3.68,-1.49,3.98,3.09,2.49,1.52,130321,6.53
pyrenees,N43PW002C,SRTM,md_dsm_5m_1sec_point,DSM,100.00,-23.98,19.32,-1.38,2.82,3.71,-1.31,3.95,3.03,2.41,1.38,130321,6.44
pyrenees,N43PW002B,ALOS,md_dtm_2m_1sec_area,DTM,100.00,-15.86,50.14,0.54,2.58,3.54,0.31,3.58,2.58,1.96,0.54,130321,5.49
pyrenees,N43PW002C,ALOS,md_dtm_2m_1sec_area,DTM,100.00,-20.33,50.14,0.31,2.35,3.15,0.23,3.16,2.36,1.80,0.31,130321,5.1
pyrenees,N43PW002B,ALOS,md_dsm_5m_1sec_area,DSM,100.00,-20.33,50.12,-0.64,2.12,3.03,-0.79,3.10,2.22,1.71,0.64,130321,4.62
pyrenees,N43PW002C,ALOS,md_dsm_5m_1sec_area,DSM,100.00,-20.33,50.12,-0.86,1.97,2.67,-0.86,2.81,2.11,1.63,0.86,130321,4.47
pyrenees,N43PW002B,NASA,md_dtm_2m_1sec_point,DTM,100.00,-21.65,18.37,-0.43,2.73,3.58,-0.44,3.60,2.76,2.20,0.43,130321,5.82
pyrenees,N43PW002C,NASA,md_dtm_2m_1sec_point,DTM,100.00,-22.06,20.35,-0.27,2.73,3.55,-0.25,3.56,2.73,2.18,0.27,130321,5.81
pyrenees,N43PW002B,NASA,md_dsm_5m_1sec_point,DSM,100.00,-22.06,17.23,-1.61,2.80,3.66,-1.57,4.00,3.11,2.51,1.61,130321,6.56
pyrenees,N43PW002C,NASA,md_dsm_5m_1sec_point,DSM,100.00,-22.44,18.86,-1.44,2.82,3.70,-1.36,3.97,3.05,2.43,1.44,130321,6.48
pyrenees,N43PW002B,ASTER,md_dtm_2m_1sec_point,DTM,100.00,-22.90,48.12,3.16,4.56,5.93,2.92,6.71,5.18,4.20,3.16,130321,10.75
pyrenees,N43PW002C,ASTER,md_dtm_2m_1sec_point,DTM,100.00,-24.78,48.12,3.54,4.79,6.29,3.23,7.22,5.52,4.45,3.54,130321,11.49
pyrenees,N43PW002B,ASTER,md_dsm_5m_1sec_point,DSM,100.00,-24.78,48.21,1.95,4.38,5.71,1.71,6.03,4.60,3.68,1.95,130321,9.65
pyrenees,N43PW002C,ASTER,md_dsm_5m_1sec_point,DSM,100.00,-24.78,48.21,2.34,4.58,6.06,1.99,6.49,4.87,3.79,2.34,130321,10.29
pyrenees,N43PW002B,FABDEM,md_dtm_2m_1sec_point,DTM,100.00,-21.95,21.59,-0.34,2.33,3.12,-0.37,3.13,2.35,1.81,0.34,130321,5.07
pyrenees,N43PW002C,FABDEM,md_dtm_2m_1sec_point,DTM,100.00,-21.95,21.59,-0.48,2.27,3.04,-0.43,3.08,2.30,1.75,0.48,130321,4.99
pyrenees,N43PW002B,FABDEM,md_dsm_5m_1sec_point,DSM,100.00,-21.95,17.51,-1.52,2.43,3.22,-1.40,3.56,2.72,2.13,1.52,130321,5.81
pyrenees,N43PW002C,FABDEM,md_dsm_5m_1sec_point,DSM,100.00,-21.95,19.85,-1.65,2.38,3.15,-1.55,3.56,2.73,2.17,1.65,130321,5.83
