AREA,DEMIX_TILE,DEM,REF_DEM,REF_TYPE,REF_SLOPE,GRID_FULL,RUFD_MIN,RUFD_Max,RUFD_Mean,RUFD_AVG,RUFD_STD,RUFD_MED,RUFD_RMSE,RUFD_MAE,RUFD_AB_MD,RUFD_AB_MN,RUFD_N,RUFD_LE90,SLOPE_PC
brazil,S08PW038C,COP,md_pe3d_mdt_1m_elev_S08PW038C_1m_1sec_point,DTM,ALL,99.11,-9.56,9.04,0.12,0.51,0.79,0.14,0.80,0.53,0.37,0.12,128518,1.13,100
brazil,S08PW038C,COP,md_pe3d_mdt_1m_elev_S08PW038C_1m_1sec_point,DTM,FLAT,99.11,-8.36,6.69,0.17,0.45,0.63,0.15,0.66,0.47,0.32,0.17,116102,0.99,90.34
brazil,S08PW038C,COP,md_pe3d_mdt_1m_elev_S08PW038C_1m_1sec_point,DTM,STEEP,99.11,-9.56,9.04,-0.43,1.13,1.57,-0.31,1.63,1.16,0.03,0.43,10987,2.55,8.55
brazil,S08PW038C,COP,md_pe3d_mds_1m_elev_S08PW038C_1m_1sec_point,DSM,ALL,99.11,-43.50,50.49,-0.26,0.47,0.75,-0.22,0.79,0.51,0.35,0.26,128518,1.1,100
brazil,S08PW038C,COP,md_pe3d_mds_1m_elev_S08PW038C_1m_1sec_point,DSM,FLAT,99.11,-43.50,15.59,-0.25,0.40,0.60,-0.22,0.65,0.45,0.30,0.25,115656,0.95,89.99
brazil,S08PW038C,COP,md_pe3d_mds_1m_elev_S08PW038C_1m_1sec_point,DSM,STEEP,99.11,-41.53,50.49,-0.43,1.09,1.56,-0.36,1.61,1.13,0.03,0.43,11436,2.43,8.9
brazil,S08PW038C,SRTM,md_pe3d_mdt_1m_elev_S08PW038C_1m_1sec_point,DTM,ALL,99.11,-14.85,10.12,0.67,0.90,1.25,0.78,1.42,1.12,0.96,0.67,128518,2.17,100
brazil,S08PW038C,SRTM,md_pe3d_mdt_1m_elev_S08PW038C_1m_1sec_point,DTM,FLAT,99.11,-9.45,7.57,0.77,0.79,1.05,0.82,1.30,1.06,0.87,0.77,116102,2.05,90.34
brazil,S08PW038C,SRTM,md_pe3d_mdt_1m_elev_S08PW038C_1m_1sec_point,DTM,STEEP,99.11,-14.85,10.12,-0.37,1.75,2.30,-0.29,2.33,1.77,0.08,0.37,10987,3.76,8.55
brazil,S08PW038C,SRTM,md_pe3d_mds_1m_elev_S08PW038C_1m_1sec_point,DSM,ALL,99.11,-43.22,53.42,0.28,0.88,1.24,0.36,1.27,0.93,0.73,0.28,128518,1.93,100
brazil,S08PW038C,SRTM,md_pe3d_mds_1m_elev_S08PW038C_1m_1sec_point,DSM,FLAT,99.11,-43.22,16.50,0.35,0.78,1.05,0.39,1.10,0.85,0.64,0.35,115656,1.75,89.99
brazil,S08PW038C,SRTM,md_pe3d_mds_1m_elev_S08PW038C_1m_1sec_point,DSM,STEEP,99.11,-34.69,53.42,-0.37,1.75,2.33,-0.32,2.36,1.77,0.06,0.37,11436,3.7,8.9
brazil,S08PW038C,ALOS,md_pe3d_mdt_1m_elev_S08PW038C_1m_1sec_area,DTM,ALL,99.11,-7.70,17.12,0.51,0.57,0.91,0.45,1.04,0.71,0.54,0.51,128162,1.46,100
brazil,S08PW038C,ALOS,md_pe3d_mdt_1m_elev_S08PW038C_1m_1sec_area,DTM,FLAT,99.11,-5.29,17.12,0.53,0.52,0.82,0.46,0.98,0.67,0.48,0.53,116042,1.35,90.54
brazil,S08PW038C,ALOS,md_pe3d_mdt_1m_elev_S08PW038C_1m_1sec_area,DTM,STEEP,99.11,-7.70,9.89,0.17,1.08,1.46,0.18,1.47,1.09,0.04,0.17,11041,2.36,8.61
brazil,S08PW038C,ALOS,md_pe3d_mds_1m_elev_S08PW038C_1m_1sec_area,DSM,ALL,99.11,-47.08,28.03,0.12,0.58,0.91,0.10,0.92,0.58,0.41,0.12,128162,1.23,100
brazil,S08PW038C,ALOS,md_pe3d_mds_1m_elev_S08PW038C_1m_1sec_area,DSM,FLAT,99.11,-47.08,16.74,0.11,0.54,0.85,0.09,0.86,0.54,0.36,0.11,115653,1.12,90.24
brazil,S08PW038C,ALOS,md_pe3d_mds_1m_elev_S08PW038C_1m_1sec_area,DSM,STEEP,99.11,-29.18,28.03,0.18,0.96,1.35,0.18,1.36,0.97,0.03,0.18,11439,2.02,8.93
brazil,S08PW038C,NASA,md_pe3d_mdt_1m_elev_S08PW038C_1m_1sec_point,DTM,ALL,99.11,-12.19,8.11,0.59,0.90,1.25,0.71,1.38,1.08,0.93,0.59,128518,2.09,100
brazil,S08PW038C,NASA,md_pe3d_mdt_1m_elev_S08PW038C_1m_1sec_point,DTM,FLAT,99.11,-8.91,7.64,0.68,0.79,1.05,0.75,1.25,1.01,0.84,0.68,116102,1.95,90.34
brazil,S08PW038C,NASA,md_pe3d_mdt_1m_elev_S08PW038C_1m_1sec_point,DTM,STEEP,99.11,-12.19,8.11,-0.34,1.77,2.30,-0.31,2.33,1.78,0.08,0.34,10987,3.73,8.55
brazil,S08PW038C,NASA,md_pe3d_mds_1m_elev_S08PW038C_1m_1sec_point,DSM,ALL,99.11,-42.49,51.83,0.20,0.88,1.23,0.29,1.25,0.91,0.71,0.20,128518,1.88,100
brazil,S08PW038C,NASA,md_pe3d_mds_1m_elev_S08PW038C_1m_1sec_point,DSM,FLAT,99.11,-42.49,17.86,0.26,0.78,1.04,0.32,1.07,0.82,0.63,0.26,115656,1.69,89.99
brazil,S08PW038C,NASA,md_pe3d_mds_1m_elev_S08PW038C_1m_1sec_point,DSM,STEEP,99.11,-32.79,51.83,-0.35,1.76,2.32,-0.35,2.34,1.78,0.06,0.35,11436,3.68,8.9
brazil,S08PW038C,ASTER,md_pe3d_mdt_1m_elev_S08PW038C_1m_1sec_point,DTM,ALL,99.11,-16.75,16.49,2.25,1.26,1.74,2.29,2.85,2.47,2.34,2.25,128518,4.25,100
brazil,S08PW038C,ASTER,md_pe3d_mdt_1m_elev_S08PW038C_1m_1sec_point,DTM,FLAT,99.11,-15.72,10.43,2.36,1.13,1.50,2.33,2.79,2.45,2.18,2.36,116102,4.17,90.34
brazil,S08PW038C,ASTER,md_pe3d_mdt_1m_elev_S08PW038C_1m_1sec_point,DTM,STEEP,99.11,-16.75,16.49,1.15,2.41,3.16,1.12,3.37,2.59,0.33,1.15,10987,5.41,8.55
brazil,S08PW038C,ASTER,md_pe3d_mds_1m_elev_S08PW038C_1m_1sec_point,DSM,ALL,99.11,-44.93,54.40,1.86,1.23,1.70,1.88,2.52,2.12,1.95,1.86,128518,3.84,100
brazil,S08PW038C,ASTER,md_pe3d_mds_1m_elev_S08PW038C_1m_1sec_point,DSM,FLAT,99.11,-34.12,17.85,1.93,1.11,1.47,1.92,2.43,2.07,1.79,1.93,115656,3.73,89.99
brazil,S08PW038C,ASTER,md_pe3d_mds_1m_elev_S08PW038C_1m_1sec_point,DSM,STEEP,99.11,-44.93,54.40,1.14,2.36,3.10,1.06,3.30,2.52,0.23,1.14,11436,5.36,8.9
brazil,S08PW038C,FABDEM,md_pe3d_mdt_1m_elev_S08PW038C_1m_1sec_point,DTM,ALL,99.11,-8.81,10.18,-0.03,0.57,0.84,-0.02,0.85,0.57,0.40,0.03,128518,1.25,100
brazil,S08PW038C,FABDEM,md_pe3d_mdt_1m_elev_S08PW038C_1m_1sec_point,DTM,FLAT,99.11,-8.55,6.35,-0.00,0.51,0.71,-0.01,0.71,0.51,0.36,0.00,116102,1.1,90.34
brazil,S08PW038C,FABDEM,md_pe3d_mdt_1m_elev_S08PW038C_1m_1sec_point,DTM,STEEP,99.11,-8.81,10.18,-0.43,1.18,1.63,-0.33,1.68,1.21,0.03,0.43,10987,2.63,8.55
brazil,S08PW038C,FABDEM,md_pe3d_mds_1m_elev_S08PW038C_1m_1sec_point,DSM,ALL,99.11,-41.92,50.76,-0.41,0.58,0.86,-0.39,0.96,0.68,0.52,0.41,128518,1.43,100
brazil,S08PW038C,FABDEM,md_pe3d_mds_1m_elev_S08PW038C_1m_1sec_point,DSM,FLAT,99.11,-41.92,16.20,-0.41,0.52,0.74,-0.39,0.85,0.63,0.46,0.41,115656,1.32,89.99
brazil,S08PW038C,FABDEM,md_pe3d_mds_1m_elev_S08PW038C_1m_1sec_point,DSM,STEEP,99.11,-39.17,50.76,-0.43,1.15,1.63,-0.36,1.68,1.20,0.04,0.43,11436,2.56,8.9
brazil,S08PW038D,COP,md_pe3d_mdt_1m_elev_S08PW038D_1m_1sec_point,DTM,ALL,99.45,-17.32,17.51,-0.04,1.19,1.78,0.19,1.78,1.19,0.81,0.04,128877,2.62,100
brazil,S08PW038D,COP,md_pe3d_mdt_1m_elev_S08PW038D_1m_1sec_point,DTM,FLAT,99.45,-17.03,17.51,0.31,0.89,1.45,0.42,1.48,0.97,0.49,0.31,80144,1.93,62.19
brazil,S08PW038D,COP,md_pe3d_mdt_1m_elev_S08PW038D_1m_1sec_point,DTM,STEEP,99.45,-17.32,12.18,-0.63,1.47,2.07,-0.52,2.17,1.54,0.28,0.63,47296,3.36,36.7
brazil,S08PW038D,COP,md_pe3d_mds_1m_elev_S08PW038D_1m_1sec_point,DSM,ALL,99.45,-60.03,69.10,-0.21,1.12,1.73,-0.04,1.74,1.11,0.66,0.21,128877,2.64,100
brazil,S08PW038D,COP,md_pe3d_mds_1m_elev_S08PW038D_1m_1sec_point,DSM,FLAT,99.45,-56.04,18.22,0.05,0.84,1.42,0.10,1.42,0.84,0.36,0.05,79914,1.89,62.01
brazil,S08PW038D,COP,md_pe3d_mds_1m_elev_S08PW038D_1m_1sec_point,DSM,STEEP,99.45,-60.03,69.10,-0.64,1.46,2.07,-0.57,2.16,1.55,0.21,0.64,47526,3.36,36.88
brazil,S08PW038D,SRTM,md_pe3d_mdt_1m_elev_S08PW038D_1m_1sec_point,DTM,ALL,99.45,-21.44,59.37,-0.34,2.07,3.01,0.19,3.03,2.03,1.49,0.34,128877,4.23,100
brazil,S08PW038D,SRTM,md_pe3d_mdt_1m_elev_S08PW038D_1m_1sec_point,DTM,FLAT,99.45,-18.75,25.44,0.41,1.45,2.05,0.82,2.09,1.56,0.94,0.41,80144,2.88,62.19
brazil,S08PW038D,SRTM,md_pe3d_mdt_1m_elev_S08PW038D_1m_1sec_point,DTM,STEEP,99.45,-21.44,59.37,-1.65,2.47,3.82,-1.50,4.16,2.81,0.56,1.65,47296,5.9,36.7
brazil,S08PW038D,SRTM,md_pe3d_mds_1m_elev_S08PW038D_1m_1sec_point,DSM,ALL,99.45,-150.70,74.04,-0.51,1.98,2.93,-0.00,2.98,1.94,1.32,0.51,128877,4.25,100
brazil,S08PW038D,SRTM,md_pe3d_mds_1m_elev_S08PW038D_1m_1sec_point,DSM,FLAT,99.45,-66.47,25.81,0.14,1.38,1.99,0.50,1.99,1.41,0.80,0.14,79914,2.81,62.01
brazil,S08PW038D,SRTM,md_pe3d_mds_1m_elev_S08PW038D_1m_1sec_point,DSM,STEEP,99.45,-150.70,74.04,-1.65,2.46,3.80,-1.54,4.14,2.82,0.47,1.65,47526,5.86,36.88
brazil,S08PW038D,ALOS,md_pe3d_mdt_1m_elev_S08PW038D_1m_1sec_area,DTM,ALL,99.45,-18.23,13.40,0.16,0.90,1.32,0.33,1.33,0.94,0.69,0.16,128520,2,100
brazil,S08PW038D,ALOS,md_pe3d_mdt_1m_elev_S08PW038D_1m_1sec_area,DTM,FLAT,99.45,-16.27,13.40,0.39,0.66,1.02,0.46,1.09,0.78,0.43,0.39,80109,1.57,62.33
brazil,S08PW038D,ALOS,md_pe3d_mdt_1m_elev_S08PW038D_1m_1sec_area,DTM,STEEP,99.45,-18.23,8.75,-0.23,1.18,1.62,-0.14,1.64,1.19,0.26,0.23,47340,2.54,36.83
brazil,S08PW038D,ALOS,md_pe3d_mds_1m_elev_S08PW038D_1m_1sec_area,DSM,ALL,99.45,-50.71,87.52,-0.01,0.84,1.24,0.07,1.24,0.84,0.57,0.01,128520,1.89,100
brazil,S08PW038D,ALOS,md_pe3d_mds_1m_elev_S08PW038D_1m_1sec_area,DSM,FLAT,99.45,-50.71,15.55,0.12,0.65,0.98,0.14,0.99,0.66,0.33,0.12,79916,1.44,62.18
brazil,S08PW038D,ALOS,md_pe3d_mds_1m_elev_S08PW038D_1m_1sec_area,DSM,STEEP,99.45,-47.04,87.52,-0.24,1.12,1.53,-0.18,1.55,1.13,0.19,0.24,47533,2.41,36.98
brazil,S08PW038D,NASA,md_pe3d_mdt_1m_elev_S08PW038D_1m_1sec_point,DTM,ALL,99.45,-20.86,53.58,-0.44,2.07,2.91,0.08,2.94,2.02,1.50,0.44,128877,4.26,100
brazil,S08PW038D,NASA,md_pe3d_mdt_1m_elev_S08PW038D_1m_1sec_point,DTM,FLAT,99.45,-19.67,16.78,0.30,1.49,2.08,0.73,2.10,1.56,0.94,0.30,80144,2.88,62.19
brazil,S08PW038D,NASA,md_pe3d_mdt_1m_elev_S08PW038D_1m_1sec_point,DTM,STEEP,99.45,-20.86,53.58,-1.73,2.45,3.58,-1.54,3.98,2.80,0.55,1.73,47296,5.93,36.7
brazil,S08PW038D,NASA,md_pe3d_mds_1m_elev_S08PW038D_1m_1sec_point,DSM,ALL,99.45,-140.06,80.77,-0.61,1.98,2.83,-0.09,2.89,1.94,1.32,0.61,128877,4.3,100
brazil,S08PW038D,NASA,md_pe3d_mds_1m_elev_S08PW038D_1m_1sec_point,DSM,FLAT,99.45,-61.53,17.19,0.04,1.41,2.01,0.41,2.01,1.42,0.80,0.04,79914,2.85,62.01
brazil,S08PW038D,NASA,md_pe3d_mds_1m_elev_S08PW038D_1m_1sec_point,DSM,STEEP,99.45,-140.06,80.77,-1.74,2.44,3.56,-1.58,3.96,2.82,0.47,1.74,47526,5.89,36.88
brazil,S08PW038D,ASTER,md_pe3d_mdt_1m_elev_S08PW038D_1m_1sec_point,DTM,ALL,99.45,-31.58,24.54,1.06,2.47,3.36,1.69,3.53,2.77,2.46,1.06,128877,5.1,100
brazil,S08PW038D,ASTER,md_pe3d_mdt_1m_elev_S08PW038D_1m_1sec_point,DTM,FLAT,99.45,-29.00,21.75,1.79,1.84,2.56,2.28,3.13,2.63,1.60,1.79,80144,4.51,62.19
brazil,S08PW038D,ASTER,md_pe3d_mdt_1m_elev_S08PW038D_1m_1sec_point,DTM,STEEP,99.45,-31.58,24.54,-0.21,3.01,4.10,-0.01,4.10,3.00,0.96,0.21,47296,6.33,36.7
brazil,S08PW038D,ASTER,md_pe3d_mds_1m_elev_S08PW038D_1m_1sec_point,DSM,ALL,99.45,-90.98,98.60,0.89,2.38,3.28,1.47,3.39,2.63,2.24,0.89,128877,4.97,100
brazil,S08PW038D,ASTER,md_pe3d_mds_1m_elev_S08PW038D_1m_1sec_point,DSM,FLAT,99.45,-81.44,21.84,1.53,1.76,2.48,1.94,2.91,2.40,1.46,1.53,79914,4.24,62.01
brazil,S08PW038D,ASTER,md_pe3d_mds_1m_elev_S08PW038D_1m_1sec_point,DSM,STEEP,99.45,-90.98,98.60,-0.22,2.99,4.06,-0.05,4.06,2.99,0.90,0.22,47526,6.31,36.88
brazil,S08PW038D,FABDEM,md_pe3d_mdt_1m_elev_S08PW038D_1m_1sec_point,DTM,ALL,99.45,-17.66,18.41,-0.21,1.24,1.82,0.01,1.83,1.22,0.80,0.21,128877,2.8,100
brazil,S08PW038D,FABDEM,md_pe3d_mdt_1m_elev_S08PW038D_1m_1sec_point,DTM,FLAT,99.45,-17.31,18.41,0.13,0.93,1.49,0.24,1.49,0.95,0.46,0.13,80144,2.03,62.19
brazil,S08PW038D,FABDEM,md_pe3d_mdt_1m_elev_S08PW038D_1m_1sec_point,DTM,STEEP,99.45,-17.66,11.70,-0.79,1.54,2.14,-0.72,2.28,1.67,0.27,0.79,47296,3.56,36.7
brazil,S08PW038D,FABDEM,md_pe3d_mds_1m_elev_S08PW038D_1m_1sec_point,DSM,ALL,99.45,-71.02,71.19,-0.37,1.19,1.79,-0.23,1.83,1.21,0.74,0.37,128877,2.83,100
brazil,S08PW038D,FABDEM,md_pe3d_mds_1m_elev_S08PW038D_1m_1sec_point,DSM,FLAT,99.45,-62.17,19.38,-0.13,0.92,1.48,-0.08,1.49,0.92,0.41,0.13,79914,2.07,62.01
brazil,S08PW038D,FABDEM,md_pe3d_mds_1m_elev_S08PW038D_1m_1sec_point,DSM,STEEP,99.45,-71.02,71.19,-0.80,1.54,2.15,-0.75,2.29,1.68,0.24,0.80,47526,3.59,36.88
brazil,S08QW038C,COP,md_pe3d_mdt_1m_elev_S08QW038C_1m_1sec_point,DTM,ALL,99.11,-23.28,16.23,0.05,0.65,1.20,0.10,1.21,0.66,0.38,0.05,128518,1.4,100
brazil,S08QW038C,COP,md_pe3d_mdt_1m_elev_S08QW038C_1m_1sec_point,DTM,FLAT,99.11,-10.74,14.58,0.15,0.47,0.72,0.12,0.73,0.48,0.32,0.15,110427,1.01,85.92
brazil,S08QW038C,COP,md_pe3d_mdt_1m_elev_S08QW038C_1m_1sec_point,DTM,STEEP,99.11,-23.28,16.23,-0.63,1.77,2.64,-0.43,2.71,1.80,0.04,0.63,16656,3.86,12.96
brazil,S08QW038C,COP,md_pe3d_mds_1m_elev_S08QW038C_1m_1sec_point,DSM,ALL,99.11,-59.89,102.01,-0.31,0.63,1.11,-0.23,1.16,0.66,0.41,0.31,128518,1.4,100
brazil,S08QW038C,COP,md_pe3d_mds_1m_elev_S08QW038C_1m_1sec_point,DSM,FLAT,99.11,-57.40,16.06,-0.26,0.46,0.68,-0.22,0.73,0.50,0.33,0.26,109909,1.09,85.52
brazil,S08QW038C,COP,md_pe3d_mds_1m_elev_S08QW038C_1m_1sec_point,DSM,STEEP,99.11,-59.89,102.01,-0.67,1.58,2.42,-0.49,2.51,1.64,0.05,0.67,17183,3.51,13.37
brazil,S08QW038C,SRTM,md_pe3d_mdt_1m_elev_S08QW038C_1m_1sec_point,DTM,ALL,99.11,-21.26,38.91,0.44,1.01,1.66,0.51,1.72,1.11,0.82,0.44,128518,2.2,100
brazil,S08QW038C,SRTM,md_pe3d_mdt_1m_elev_S08QW038C_1m_1sec_point,DTM,FLAT,99.11,-13.48,16.29,0.55,0.78,1.06,0.56,1.19,0.91,0.69,0.55,110427,1.84,85.92
brazil,S08QW038C,SRTM,md_pe3d_mdt_1m_elev_S08QW038C_1m_1sec_point,DTM,STEEP,99.11,-21.26,38.91,-0.26,2.35,3.60,-0.43,3.61,2.38,0.10,0.26,16656,5.03,12.96
brazil,S08QW038C,SRTM,md_pe3d_mds_1m_elev_S08QW038C_1m_1sec_point,DSM,ALL,99.11,-91.75,100.64,0.08,1.02,1.65,0.13,1.65,1.03,0.72,0.08,128518,2.1,100
brazil,S08QW038C,SRTM,md_pe3d_mds_1m_elev_S08QW038C_1m_1sec_point,DSM,FLAT,99.11,-40.34,16.67,0.14,0.81,1.08,0.17,1.09,0.82,0.60,0.14,109909,1.71,85.52
brazil,S08QW038C,SRTM,md_pe3d_mds_1m_elev_S08QW038C_1m_1sec_point,DSM,STEEP,99.11,-91.75,100.64,-0.32,2.27,3.50,-0.54,3.51,2.31,0.09,0.32,17183,4.84,13.37
brazil,S08QW038C,ALOS,md_pe3d_mdt_1m_elev_S08QW038C_1m_1sec_area,DTM,ALL,99.11,-8.24,22.19,0.51,0.66,0.96,0.42,1.09,0.76,0.54,0.51,128162,1.7,100
brazil,S08QW038C,ALOS,md_pe3d_mdt_1m_elev_S08QW038C_1m_1sec_area,DTM,FLAT,99.11,-5.12,20.01,0.54,0.58,0.83,0.42,0.99,0.70,0.45,0.54,110358,1.56,86.11
brazil,S08QW038C,ALOS,md_pe3d_mdt_1m_elev_S08QW038C_1m_1sec_area,DTM,STEEP,99.11,-7.56,11.97,0.33,1.10,1.46,0.31,1.50,1.13,0.06,0.33,16734,2.38,13.06
brazil,S08QW038C,ALOS,md_pe3d_mds_1m_elev_S08QW038C_1m_1sec_area,DSM,ALL,99.11,-47.28,36.24,0.15,0.61,0.87,0.12,0.88,0.62,0.45,0.15,128162,1.33,100
brazil,S08QW038C,ALOS,md_pe3d_mds_1m_elev_S08QW038C_1m_1sec_area,DSM,FLAT,99.11,-47.28,18.93,0.13,0.56,0.79,0.11,0.80,0.57,0.38,0.13,109819,1.21,85.69
brazil,S08QW038C,ALOS,md_pe3d_mds_1m_elev_S08QW038C_1m_1sec_area,DSM,STEEP,99.11,-42.05,36.24,0.27,0.86,1.15,0.26,1.18,0.89,0.06,0.27,17264,1.91,13.47
brazil,S08QW038C,NASA,md_pe3d_mdt_1m_elev_S08QW038C_1m_1sec_point,DTM,ALL,99.11,-24.80,58.81,0.35,1.02,1.80,0.43,1.83,1.09,0.78,0.35,128518,2.13,100
brazil,S08QW038C,NASA,md_pe3d_mdt_1m_elev_S08QW038C_1m_1sec_point,DTM,FLAT,99.11,-13.16,13.59,0.45,0.77,1.05,0.48,1.14,0.87,0.66,0.45,110427,1.75,85.92
brazil,S08QW038C,NASA,md_pe3d_mdt_1m_elev_S08QW038C_1m_1sec_point,DTM,STEEP,99.11,-24.80,58.81,-0.33,2.44,4.10,-0.53,4.11,2.49,0.10,0.33,16656,5.09,12.96
brazil,S08QW038C,NASA,md_pe3d_mds_1m_elev_S08QW038C_1m_1sec_point,DSM,ALL,99.11,-147.06,96.38,-0.02,1.03,1.79,0.04,1.79,1.03,0.71,0.02,128518,2.07,100
brazil,S08QW038C,NASA,md_pe3d_mds_1m_elev_S08QW038C_1m_1sec_point,DSM,FLAT,99.11,-34.59,16.67,0.04,0.80,1.07,0.08,1.07,0.80,0.59,0.04,109909,1.67,85.52
brazil,S08QW038C,NASA,md_pe3d_mds_1m_elev_S08QW038C_1m_1sec_point,DSM,STEEP,99.11,-147.06,96.38,-0.39,2.35,4.00,-0.66,4.02,2.41,0.09,0.39,17183,4.9,13.37
brazil,S08QW038C,ASTER,md_pe3d_mdt_1m_elev_S08QW038C_1m_1sec_point,DTM,ALL,99.11,-26.68,20.33,1.55,1.24,1.87,1.62,2.43,1.95,1.73,1.55,128518,3.53,100
brazil,S08QW038C,ASTER,md_pe3d_mdt_1m_elev_S08QW038C_1m_1sec_point,DTM,FLAT,99.11,-12.41,13.59,1.68,0.98,1.32,1.67,2.14,1.81,1.53,1.68,110427,3.25,85.92
brazil,S08QW038C,ASTER,md_pe3d_mdt_1m_elev_S08QW038C_1m_1sec_point,DTM,STEEP,99.11,-26.68,20.33,0.63,2.75,3.72,0.60,3.77,2.79,0.29,0.63,16656,5.91,12.96
brazil,S08QW038C,ASTER,md_pe3d_mds_1m_elev_S08QW038C_1m_1sec_point,DSM,ALL,99.11,-64.76,97.08,1.18,1.24,1.82,1.22,2.17,1.66,1.40,1.18,128518,3.22,100
brazil,S08QW038C,ASTER,md_pe3d_mds_1m_elev_S08QW038C_1m_1sec_point,DSM,FLAT,99.11,-43.21,17.42,1.26,1.01,1.34,1.26,1.84,1.50,1.19,1.26,109909,2.9,85.52
brazil,S08QW038C,ASTER,md_pe3d_mds_1m_elev_S08QW038C_1m_1sec_point,DSM,STEEP,99.11,-64.76,97.08,0.59,2.59,3.51,0.53,3.56,2.63,0.19,0.59,17183,5.64,13.37
brazil,S08QW038C,FABDEM,md_pe3d_mdt_1m_elev_S08QW038C_1m_1sec_point,DTM,ALL,99.11,-23.51,17.75,-0.06,0.72,1.24,-0.02,1.24,0.72,0.45,0.06,128518,1.5,100
brazil,S08QW038C,FABDEM,md_pe3d_mdt_1m_elev_S08QW038C_1m_1sec_point,DTM,FLAT,99.11,-11.48,15.14,0.02,0.55,0.80,-0.00,0.80,0.55,0.38,0.02,110427,1.15,85.92
brazil,S08QW038C,FABDEM,md_pe3d_mdt_1m_elev_S08QW038C_1m_1sec_point,DTM,STEEP,99.11,-23.51,17.75,-0.62,1.78,2.65,-0.43,2.72,1.81,0.05,0.62,16656,3.84,12.96
brazil,S08QW038C,FABDEM,md_pe3d_mds_1m_elev_S08QW038C_1m_1sec_point,DSM,ALL,99.11,-60.67,102.47,-0.42,0.76,1.22,-0.36,1.29,0.83,0.58,0.42,128518,1.74,100
brazil,S08QW038C,FABDEM,md_pe3d_mds_1m_elev_S08QW038C_1m_1sec_point,DSM,FLAT,99.11,-52.61,16.42,-0.39,0.61,0.84,-0.36,0.93,0.68,0.48,0.39,109909,1.45,85.52
brazil,S08QW038C,FABDEM,md_pe3d_mds_1m_elev_S08QW038C_1m_1sec_point,DSM,STEEP,99.11,-60.67,102.47,-0.67,1.67,2.50,-0.54,2.58,1.73,0.07,0.67,17183,3.62,13.37
brazil,S08QW038D,COP,md_pe3d_mdt_1m_elev_S08QW038D_1m_1sec_point,DTM,ALL,99.45,-4.91,8.59,0.18,0.41,0.57,0.15,0.60,0.43,0.32,0.18,128877,0.94,100
brazil,S08QW038D,COP,md_pe3d_mdt_1m_elev_S08QW038D_1m_1sec_point,DTM,FLAT,99.45,-4.76,5.10,0.18,0.41,0.55,0.15,0.58,0.43,0.31,0.18,126542,0.93,98.19
brazil,S08QW038D,COP,md_pe3d_mdt_1m_elev_S08QW038D_1m_1sec_point,DTM,STEEP,99.45,-4.02,5.93,-0.16,0.91,1.26,-0.16,1.27,0.92,0.00,0.16,907,2.01,0.7
brazil,S08QW038D,COP,md_pe3d_mds_1m_elev_S08QW038D_1m_1sec_point,DSM,ALL,99.45,-20.55,20.93,0.06,0.38,0.53,0.05,0.53,0.38,0.27,0.06,128877,0.82,100
brazil,S08QW038D,COP,md_pe3d_mds_1m_elev_S08QW038D_1m_1sec_point,DSM,FLAT,99.45,-20.55,16.04,0.06,0.37,0.51,0.05,0.51,0.37,0.27,0.06,126507,0.8,98.16
brazil,S08QW038D,COP,md_pe3d_mds_1m_elev_S08QW038D_1m_1sec_point,DSM,STEEP,99.45,-11.12,20.93,-0.20,0.91,1.28,-0.19,1.29,0.93,0.00,0.20,942,2.1,0.73
brazil,S08QW038D,SRTM,md_pe3d_mdt_1m_elev_S08QW038D_1m_1sec_point,DTM,ALL,99.45,-7.52,9.91,0.55,0.71,0.93,0.58,1.08,0.86,0.74,0.55,128877,1.73,100
brazil,S08QW038D,SRTM,md_pe3d_mdt_1m_elev_S08QW038D_1m_1sec_point,DTM,FLAT,99.45,-5.45,6.80,0.56,0.70,0.91,0.58,1.06,0.85,0.72,0.56,126542,1.72,98.19
brazil,S08QW038D,SRTM,md_pe3d_mdt_1m_elev_S08QW038D_1m_1sec_point,DTM,STEEP,99.45,-7.52,7.68,-0.90,1.40,1.86,-0.87,2.06,1.57,0.00,0.90,907,3.29,0.7
brazil,S08QW038D,SRTM,md_pe3d_mds_1m_elev_S08QW038D_1m_1sec_point,DSM,ALL,99.45,-22.07,28.95,0.43,0.71,0.94,0.47,1.03,0.81,0.68,0.43,128877,1.66,100
brazil,S08QW038D,SRTM,md_pe3d_mds_1m_elev_S08QW038D_1m_1sec_point,DSM,FLAT,99.45,-22.07,16.19,0.44,0.70,0.91,0.47,1.01,0.80,0.66,0.44,126507,1.64,98.16
brazil,S08QW038D,SRTM,md_pe3d_mds_1m_elev_S08QW038D_1m_1sec_point,DSM,STEEP,99.45,-12.97,28.95,-0.96,1.42,1.89,-0.92,2.11,1.63,0.00,0.96,942,3.35,0.73
brazil,S08QW038D,ALOS,md_pe3d_mdt_1m_elev_S08QW038D_1m_1sec_area,DTM,ALL,99.45,-4.71,11.99,0.44,0.49,0.71,0.35,0.84,0.58,0.43,0.44,128520,1.25,100
brazil,S08QW038D,ALOS,md_pe3d_mdt_1m_elev_S08QW038D_1m_1sec_area,DTM,FLAT,99.45,-4.71,11.99,0.44,0.48,0.70,0.35,0.83,0.58,0.42,0.44,126566,1.24,98.48
brazil,S08QW038D,ALOS,md_pe3d_mdt_1m_elev_S08QW038D_1m_1sec_area,DTM,STEEP,99.45,-2.74,6.61,0.35,0.88,1.20,0.23,1.25,0.90,0.00,0.35,883,2.1,0.69
brazil,S08QW038D,ALOS,md_pe3d_mds_1m_elev_S08QW038D_1m_1sec_area,DSM,ALL,99.45,-41.64,17.46,0.32,0.50,0.73,0.27,0.79,0.55,0.40,0.32,128520,1.19,100
brazil,S08QW038D,ALOS,md_pe3d_mds_1m_elev_S08QW038D_1m_1sec_area,DSM,FLAT,99.45,-41.64,12.83,0.32,0.49,0.72,0.27,0.78,0.55,0.39,0.32,126520,1.18,98.44
brazil,S08QW038D,ALOS,md_pe3d_mds_1m_elev_S08QW038D_1m_1sec_area,DSM,STEEP,99.45,-14.40,17.46,0.27,0.89,1.23,0.22,1.25,0.92,0.00,0.27,920,2.02,0.72
brazil,S08QW038D,NASA,md_pe3d_mdt_1m_elev_S08QW038D_1m_1sec_point,DTM,ALL,99.45,-7.94,9.83,0.47,0.71,0.93,0.51,1.04,0.83,0.70,0.47,128877,1.66,100
brazil,S08QW038D,NASA,md_pe3d_mdt_1m_elev_S08QW038D_1m_1sec_point,DTM,FLAT,99.45,-5.31,6.51,0.48,0.70,0.91,0.51,1.02,0.82,0.69,0.48,126542,1.65,98.19
brazil,S08QW038D,NASA,md_pe3d_mdt_1m_elev_S08QW038D_1m_1sec_point,DTM,STEEP,99.45,-7.94,7.03,-1.16,1.40,1.86,-1.05,2.19,1.67,0.00,1.16,907,3.72,0.7
brazil,S08QW038D,NASA,md_pe3d_mds_1m_elev_S08QW038D_1m_1sec_point,DSM,ALL,99.45,-20.14,26.99,0.35,0.71,0.93,0.40,1.00,0.78,0.65,0.35,128877,1.59,100
brazil,S08QW038D,NASA,md_pe3d_mds_1m_elev_S08QW038D_1m_1sec_point,DSM,FLAT,99.45,-20.14,17.52,0.36,0.70,0.91,0.40,0.98,0.77,0.64,0.36,126507,1.57,98.16
brazil,S08QW038D,NASA,md_pe3d_mds_1m_elev_S08QW038D_1m_1sec_point,DSM,STEEP,99.45,-13.88,26.99,-1.21,1.42,1.90,-1.11,2.24,1.74,0.00,1.21,942,3.64,0.73
brazil,S08QW038D,ASTER,md_pe3d_mdt_1m_elev_S08QW038D_1m_1sec_point,DTM,ALL,99.45,-7.90,27.61,2.19,1.10,1.51,2.14,2.66,2.28,2.15,2.19,128877,3.93,100
brazil,S08QW038D,ASTER,md_pe3d_mdt_1m_elev_S08QW038D_1m_1sec_point,DTM,FLAT,99.45,-6.87,27.61,2.20,1.08,1.49,2.14,2.66,2.28,2.12,2.20,126542,3.92,98.19
brazil,S08QW038D,ASTER,md_pe3d_mdt_1m_elev_S08QW038D_1m_1sec_point,DTM,STEEP,99.45,-7.90,6.26,0.27,1.83,2.34,0.29,2.36,1.85,0.03,0.27,907,4.01,0.7
brazil,S08QW038D,ASTER,md_pe3d_mds_1m_elev_S08QW038D_1m_1sec_point,DSM,ALL,99.45,-70.27,27.55,2.07,1.11,1.53,2.02,2.57,2.17,2.04,2.07,128877,3.83,100
brazil,S08QW038D,ASTER,md_pe3d_mds_1m_elev_S08QW038D_1m_1sec_point,DSM,FLAT,99.45,-70.27,27.55,2.08,1.10,1.51,2.02,2.57,2.17,2.01,2.08,126507,3.82,98.16
brazil,S08QW038D,ASTER,md_pe3d_mds_1m_elev_S08QW038D_1m_1sec_point,DSM,STEEP,99.45,-27.81,26.96,0.20,1.83,2.36,0.21,2.35,1.84,0.02,0.20,942,3.97,0.73
brazil,S08QW038D,FABDEM,md_pe3d_mdt_1m_elev_S08QW038D_1m_1sec_point,DTM,ALL,99.45,-4.55,8.87,-0.04,0.49,0.66,-0.05,0.66,0.49,0.38,0.04,128877,1.06,100
brazil,S08QW038D,FABDEM,md_pe3d_mdt_1m_elev_S08QW038D_1m_1sec_point,DTM,FLAT,99.45,-4.12,4.55,-0.04,0.48,0.65,-0.05,0.65,0.49,0.37,0.04,126542,1.05,98.19
brazil,S08QW038D,FABDEM,md_pe3d_mdt_1m_elev_S08QW038D_1m_1sec_point,DTM,STEEP,99.45,-4.00,5.88,-0.20,1.00,1.33,-0.21,1.35,1.02,0.00,0.20,907,2.21,0.7
brazil,S08QW038D,FABDEM,md_pe3d_mds_1m_elev_S08QW038D_1m_1sec_point,DSM,ALL,99.45,-17.72,23.21,-0.16,0.49,0.67,-0.15,0.69,0.51,0.39,0.16,128877,1.1,100
brazil,S08QW038D,FABDEM,md_pe3d_mds_1m_elev_S08QW038D_1m_1sec_point,DSM,FLAT,99.45,-17.72,16.36,-0.16,0.49,0.65,-0.15,0.67,0.50,0.38,0.16,126507,1.08,98.16
brazil,S08QW038D,FABDEM,md_pe3d_mds_1m_elev_S08QW038D_1m_1sec_point,DSM,STEEP,99.45,-9.55,23.21,-0.26,1.02,1.37,-0.28,1.38,1.05,0.00,0.26,942,2.31,0.73
brazil,S24MW047C,COP,md_MDT_sampa_ll_elev_1m_S24MW047C_1sec_point,DTM,ALL,77.42,-11.26,17.90,0.14,1.93,2.55,0.02,2.55,1.92,1.49,0.14,100222,4.14,100
brazil,S24MW047C,COP,md_MDT_sampa_ll_elev_1m_S24MW047C_1sec_point,DTM,FLAT,77.42,-9.38,14.95,0.89,1.91,2.54,0.67,2.69,1.99,0.69,0.89,50696,4.34,50.58
brazil,S24MW047C,COP,md_MDT_sampa_ll_elev_1m_S24MW047C_1sec_point,DTM,STEEP,77.42,-11.26,12.26,-0.69,1.74,2.25,-0.68,2.35,1.83,0.65,0.69,47812,3.88,47.71
brazil,S24MW047C,COP,md_MDS_sampa_ll_elev_1m_S24MW047C_1sec_point,DSM,ALL,77.42,-74.14,70.93,-0.85,1.24,1.99,-0.70,2.16,1.39,1.00,0.85,100222,2.96,100
brazil,S24MW047C,COP,md_MDS_sampa_ll_elev_1m_S24MW047C_1sec_point,DSM,FLAT,77.42,-52.04,17.38,-0.81,1.22,1.81,-0.67,1.98,1.37,0.42,0.81,45735,3,45.63
brazil,S24MW047C,COP,md_MDS_sampa_ll_elev_1m_S24MW047C_1sec_point,DSM,STEEP,77.42,-48.39,70.93,-0.89,1.20,1.80,-0.74,2.01,1.37,0.49,0.89,52773,2.85,52.66
brazil,S24MW047C,SRTM,md_MDT_sampa_ll_elev_1m_S24MW047C_1sec_point,DTM,ALL,77.42,-14.53,16.37,-1.64,2.22,2.83,-1.49,3.27,2.55,2.04,1.64,100222,5.47,100
brazil,S24MW047C,SRTM,md_MDT_sampa_ll_elev_1m_S24MW047C_1sec_point,DTM,FLAT,77.42,-13.31,10.24,-0.70,1.99,2.57,-0.57,2.67,2.04,0.95,0.70,50696,4.41,50.58
brazil,S24MW047C,SRTM,md_MDT_sampa_ll_elev_1m_S24MW047C_1sec_point,DTM,STEEP,77.42,-14.53,12.46,-2.68,2.12,2.69,-2.55,3.80,3.07,0.90,2.68,47812,6.2,47.71
brazil,S24MW047C,SRTM,md_MDS_sampa_ll_elev_1m_S24MW047C_1sec_point,DSM,ALL,77.42,-76.63,69.14,-2.62,1.80,2.49,-2.45,3.61,2.85,2.51,2.62,100222,5.52,100
brazil,S24MW047C,SRTM,md_MDS_sampa_ll_elev_1m_S24MW047C_1sec_point,DSM,FLAT,77.42,-45.23,17.74,-2.30,1.66,2.22,-2.12,3.20,2.54,1.18,2.30,45735,5.02,45.63
brazil,S24MW047C,SRTM,md_MDS_sampa_ll_elev_1m_S24MW047C_1sec_point,DSM,STEEP,77.42,-52.36,69.14,-2.90,1.82,2.43,-2.79,3.79,3.11,1.36,2.90,52773,5.84,52.66
brazil,S24MW047C,ALOS,md_MDT_sampa_ll_elev_1m_S24MW047C_1sec_area,DTM,ALL,77.42,-11.87,22.62,0.05,2.01,2.74,-0.10,2.74,2.01,1.51,0.05,100453,4.32,100
brazil,S24MW047C,ALOS,md_MDT_sampa_ll_elev_1m_S24MW047C_1sec_area,DTM,FLAT,77.42,-11.80,19.87,0.77,2.01,2.79,0.49,2.90,2.05,0.70,0.77,50696,4.46,50.47
brazil,S24MW047C,ALOS,md_MDT_sampa_ll_elev_1m_S24MW047C_1sec_area,DTM,STEEP,77.42,-11.87,16.99,-0.74,1.83,2.41,-0.74,2.52,1.94,0.67,0.74,48046,4.13,47.83
brazil,S24MW047C,ALOS,md_MDS_sampa_ll_elev_1m_S24MW047C_1sec_area,DSM,ALL,77.42,-137.52,45.79,-0.94,1.24,2.25,-0.79,2.44,1.44,1.04,0.94,100453,3,100
brazil,S24MW047C,ALOS,md_MDS_sampa_ll_elev_1m_S24MW047C_1sec_area,DSM,FLAT,77.42,-91.79,19.90,-0.97,1.18,1.87,-0.86,2.11,1.42,0.44,0.97,45666,2.98,45.46
brazil,S24MW047C,ALOS,md_MDS_sampa_ll_elev_1m_S24MW047C_1sec_area,DSM,STEEP,77.42,-104.17,45.79,-0.92,1.23,2.07,-0.75,2.27,1.40,0.51,0.92,53067,2.94,52.83
brazil,S24MW047C,NASA,md_MDT_sampa_ll_elev_1m_S24MW047C_1sec_point,DTM,ALL,77.42,-15.05,17.04,-1.91,2.22,2.83,-1.73,3.41,2.66,2.14,1.91,100222,5.69,100
brazil,S24MW047C,NASA,md_MDT_sampa_ll_elev_1m_S24MW047C_1sec_point,DTM,FLAT,77.42,-13.93,10.96,-0.99,1.98,2.56,-0.85,2.75,2.10,1.00,0.99,50696,4.55,50.58
brazil,S24MW047C,NASA,md_MDT_sampa_ll_elev_1m_S24MW047C_1sec_point,DTM,STEEP,77.42,-15.05,13.01,-2.90,2.15,2.73,-2.77,3.98,3.25,0.94,2.90,47812,6.45,47.71
brazil,S24MW047C,NASA,md_MDS_sampa_ll_elev_1m_S24MW047C_1sec_point,DSM,ALL,77.42,-76.75,68.71,-2.87,1.82,2.52,-2.70,3.82,3.07,2.73,2.87,100222,5.81,100
brazil,S24MW047C,NASA,md_MDS_sampa_ll_elev_1m_S24MW047C_1sec_point,DSM,FLAT,77.42,-45.83,17.83,-2.59,1.67,2.23,-2.39,3.41,2.76,1.35,2.59,45735,5.35,45.63
brazil,S24MW047C,NASA,md_MDS_sampa_ll_elev_1m_S24MW047C_1sec_point,DSM,STEEP,77.42,-52.57,68.71,-3.14,1.86,2.49,-3.02,4.00,3.32,1.53,3.14,52773,6.12,52.66
brazil,S24MW047C,ASTER,md_MDT_sampa_ll_elev_1m_S24MW047C_1sec_point,DTM,ALL,77.42,-14.03,14.46,0.10,2.61,3.31,0.23,3.31,2.62,2.18,0.10,100222,5.48,100
brazil,S24MW047C,ASTER,md_MDT_sampa_ll_elev_1m_S24MW047C_1sec_point,DTM,FLAT,77.42,-11.94,14.46,0.99,2.38,3.05,1.10,3.21,2.55,1.03,0.99,50696,5.3,50.58
brazil,S24MW047C,ASTER,md_MDT_sampa_ll_elev_1m_S24MW047C_1sec_point,DTM,STEEP,77.42,-14.03,12.55,-0.89,2.59,3.28,-0.83,3.40,2.67,0.98,0.89,47812,5.66,47.71
brazil,S24MW047C,ASTER,md_MDS_sampa_ll_elev_1m_S24MW047C_1sec_point,DSM,ALL,77.42,-75.48,75.24,-0.88,2.44,3.24,-0.89,3.36,2.54,2.09,0.88,100222,5.26,100
brazil,S24MW047C,ASTER,md_MDS_sampa_ll_elev_1m_S24MW047C_1sec_point,DSM,FLAT,77.42,-60.46,17.92,-0.54,2.31,3.01,-0.52,3.06,2.35,0.89,0.54,45735,4.92,45.63
brazil,S24MW047C,ASTER,md_MDS_sampa_ll_elev_1m_S24MW047C_1sec_point,DSM,STEEP,77.42,-64.23,75.24,-1.21,2.46,3.20,-1.27,3.42,2.67,1.03,1.21,52773,5.47,52.66
brazil,S24MW047C,FABDEM,md_MDT_sampa_ll_elev_1m_S24MW047C_1sec_point,DTM,ALL,77.42,-12.55,18.96,0.02,1.90,2.48,-0.03,2.48,1.90,1.51,0.02,100222,4.06,100
brazil,S24MW047C,FABDEM,md_MDT_sampa_ll_elev_1m_S24MW047C_1sec_point,DTM,FLAT,77.42,-11.79,16.14,0.23,1.81,2.40,0.09,2.41,1.81,0.70,0.23,50696,3.94,50.58
brazil,S24MW047C,FABDEM,md_MDT_sampa_ll_elev_1m_S24MW047C_1sec_point,DTM,STEEP,77.42,-12.55,13.85,-0.24,1.96,2.50,-0.20,2.51,1.97,0.66,0.24,47812,4.1,47.71
brazil,S24MW047C,FABDEM,md_MDS_sampa_ll_elev_1m_S24MW047C_1sec_point,DSM,ALL,77.42,-72.77,69.57,-0.94,1.94,2.71,-0.79,2.87,2.05,1.57,0.94,100222,4.32,100
brazil,S24MW047C,FABDEM,md_MDS_sampa_ll_elev_1m_S24MW047C_1sec_point,DSM,FLAT,77.42,-46.80,17.85,-1.35,1.83,2.45,-1.24,2.80,2.12,0.67,1.35,45735,4.41,45.63
brazil,S24MW047C,FABDEM,md_MDS_sampa_ll_elev_1m_S24MW047C_1sec_point,DSM,STEEP,77.42,-50.76,69.57,-0.61,1.92,2.63,-0.41,2.70,1.95,0.77,0.61,52773,4.17,52.66
brazil,S24MW047D,COP,md_MDT_sampa_ll_elev_1m_S24MW047D_1sec_point,DTM,ALL,77.56,-21.40,17.84,-1.98,1.98,2.63,-1.94,3.30,2.61,2.22,1.98,100706,5.22,100
brazil,S24MW047D,COP,md_MDT_sampa_ll_elev_1m_S24MW047D_1sec_point,DTM,FLAT,77.56,-16.63,10.84,-1.52,1.95,2.53,-1.55,2.95,2.35,0.42,1.52,19915,4.79,19.78
brazil,S24MW047D,COP,md_MDT_sampa_ll_elev_1m_S24MW047D_1sec_point,DTM,STEEP,77.56,-21.40,16.71,-2.14,1.96,2.59,-2.06,3.36,2.66,1.70,2.14,79083,5.3,78.53
brazil,S24MW047D,COP,md_MDS_sampa_ll_elev_1m_S24MW047D_1sec_point,DSM,ALL,77.56,-83.41,113.58,-0.92,1.39,2.02,-0.77,2.22,1.55,1.12,0.92,100706,3.3,100
brazil,S24MW047D,COP,md_MDS_sampa_ll_elev_1m_S24MW047D_1sec_point,DSM,FLAT,77.56,-83.41,16.14,-0.72,1.18,1.64,-0.66,1.79,1.31,0.22,0.72,22265,2.78,22.11
brazil,S24MW047D,COP,md_MDS_sampa_ll_elev_1m_S24MW047D_1sec_point,DSM,STEEP,77.56,-72.67,113.58,-1.01,1.42,2.07,-0.81,2.30,1.59,0.81,1.01,76733,3.4,76.2
brazil,S24MW047D,SRTM,md_MDT_sampa_ll_elev_1m_S24MW047D_1sec_point,DTM,ALL,77.56,-21.87,22.41,-4.20,2.53,3.35,-4.36,5.37,4.63,4.46,4.20,100706,8.2,100
brazil,S24MW047D,SRTM,md_MDT_sampa_ll_elev_1m_S24MW047D_1sec_point,DTM,FLAT,77.56,-17.89,10.60,-4.08,2.27,2.87,-4.11,4.98,4.28,1.11,4.08,19915,7.68,19.78
brazil,S24MW047D,SRTM,md_MDT_sampa_ll_elev_1m_S24MW047D_1sec_point,DTM,STEEP,77.56,-21.87,22.41,-4.27,2.56,3.43,-4.46,5.48,4.74,3.68,4.27,79083,8.33,78.53
brazil,S24MW047D,SRTM,md_MDS_sampa_ll_elev_1m_S24MW047D_1sec_point,DSM,ALL,77.56,-91.68,112.12,-3.16,2.10,2.88,-3.22,4.27,3.59,3.33,3.16,100706,6.56,100
brazil,S24MW047D,SRTM,md_MDS_sampa_ll_elev_1m_S24MW047D_1sec_point,DSM,FLAT,77.56,-79.96,17.96,-3.24,1.73,2.22,-3.15,3.93,3.36,0.89,3.24,22265,6.06,22.11
brazil,S24MW047D,SRTM,md_MDS_sampa_ll_elev_1m_S24MW047D_1sec_point,DSM,STEEP,77.56,-91.68,112.12,-3.16,2.18,3.02,-3.26,4.37,3.67,2.67,3.16,76733,6.71,76.2
brazil,S24MW047D,ALOS,md_MDT_sampa_ll_elev_1m_S24MW047D_1sec_area,DTM,ALL,77.56,-17.72,18.41,-1.43,1.81,2.38,-1.45,2.78,2.20,1.86,1.43,100685,4.51,100
brazil,S24MW047D,ALOS,md_MDT_sampa_ll_elev_1m_S24MW047D_1sec_area,DTM,FLAT,77.56,-10.52,14.67,-1.16,1.78,2.32,-1.20,2.59,2.05,0.34,1.16,19998,4.28,19.86
brazil,S24MW047D,ALOS,md_MDT_sampa_ll_elev_1m_S24MW047D_1sec_area,DTM,STEEP,77.56,-17.72,14.89,-1.53,1.78,2.32,-1.54,2.78,2.21,1.41,1.53,78984,4.53,78.45
brazil,S24MW047D,ALOS,md_MDS_sampa_ll_elev_1m_S24MW047D_1sec_area,DSM,ALL,77.56,-66.19,96.78,-0.36,1.00,1.46,-0.30,1.51,1.03,0.75,0.36,100685,2.17,100
brazil,S24MW047D,ALOS,md_MDS_sampa_ll_elev_1m_S24MW047D_1sec_area,DSM,FLAT,77.56,-44.08,17.87,-0.39,0.83,1.14,-0.35,1.20,0.88,0.15,0.39,22377,1.85,22.22
brazil,S24MW047D,ALOS,md_MDS_sampa_ll_elev_1m_S24MW047D_1sec_area,DSM,STEEP,77.56,-66.19,96.78,-0.37,1.01,1.43,-0.29,1.48,1.04,0.55,0.37,76614,2.19,76.09
brazil,S24MW047D,NASA,md_MDT_sampa_ll_elev_1m_S24MW047D_1sec_point,DTM,ALL,77.56,-19.27,62.37,-4.46,2.62,3.57,-4.62,5.71,4.88,4.71,4.46,100706,8.58,100
brazil,S24MW047D,NASA,md_MDT_sampa_ll_elev_1m_S24MW047D_1sec_point,DTM,FLAT,77.56,-18.38,9.41,-4.36,2.34,2.95,-4.39,5.27,4.54,1.17,4.36,19915,8.08,19.78
brazil,S24MW047D,NASA,md_MDT_sampa_ll_elev_1m_S24MW047D_1sec_point,DTM,STEEP,77.56,-19.27,62.37,-4.53,2.66,3.68,-4.72,5.84,4.98,3.89,4.53,79083,8.72,78.53
brazil,S24MW047D,NASA,md_MDS_sampa_ll_elev_1m_S24MW047D_1sec_point,DSM,ALL,77.56,-204.19,104.40,-3.42,2.17,3.09,-3.47,4.61,3.83,3.57,3.42,100706,6.91,100
brazil,S24MW047D,NASA,md_MDS_sampa_ll_elev_1m_S24MW047D_1sec_point,DSM,FLAT,77.56,-68.18,29.46,-3.55,1.80,2.31,-3.45,4.24,3.66,0.97,3.55,22265,6.46,22.11
brazil,S24MW047D,NASA,md_MDS_sampa_ll_elev_1m_S24MW047D_1sec_point,DSM,STEEP,77.56,-204.19,104.40,-3.42,2.26,3.27,-3.50,4.73,3.90,2.86,3.42,76733,7.06,76.2
brazil,S24MW047D,ASTER,md_MDT_sampa_ll_elev_1m_S24MW047D_1sec_point,DTM,ALL,77.56,-28.23,44.18,-1.85,3.35,4.48,-2.17,4.85,3.81,3.23,1.85,100706,7.57,100
brazil,S24MW047D,ASTER,md_MDT_sampa_ll_elev_1m_S24MW047D_1sec_point,DTM,FLAT,77.56,-23.24,16.28,-1.82,2.99,3.80,-1.98,4.22,3.39,0.62,1.82,19915,6.85,19.78
brazil,S24MW047D,ASTER,md_MDT_sampa_ll_elev_1m_S24MW047D_1sec_point,DTM,STEEP,77.56,-28.23,44.18,-1.89,3.43,4.62,-2.26,4.99,3.91,2.49,1.89,79083,7.74,78.53
brazil,S24MW047D,ASTER,md_MDS_sampa_ll_elev_1m_S24MW047D_1sec_point,DSM,ALL,77.56,-121.51,147.90,-0.79,3.09,4.16,-1.08,4.23,3.21,2.60,0.79,100706,6.58,100
brazil,S24MW047D,ASTER,md_MDS_sampa_ll_elev_1m_S24MW047D_1sec_point,DSM,FLAT,77.56,-78.74,20.59,-0.90,2.68,3.47,-1.05,3.59,2.81,0.54,0.90,22265,5.79,22.11
brazil,S24MW047D,ASTER,md_MDS_sampa_ll_elev_1m_S24MW047D_1sec_point,DSM,STEEP,77.56,-121.51,147.90,-0.78,3.20,4.33,-1.11,4.40,3.32,1.91,0.78,76733,6.78,76.2
brazil,S24MW047D,FABDEM,md_MDT_sampa_ll_elev_1m_S24MW047D_1sec_point,DTM,ALL,77.56,-25.08,17.33,-1.39,2.47,3.19,-1.28,3.48,2.69,2.16,1.39,100706,5.67,100
brazil,S24MW047D,FABDEM,md_MDT_sampa_ll_elev_1m_S24MW047D_1sec_point,DTM,FLAT,77.56,-14.91,11.79,-1.28,2.41,3.08,-1.23,3.34,2.61,0.38,1.28,19915,5.5,19.78
brazil,S24MW047D,FABDEM,md_MDT_sampa_ll_elev_1m_S24MW047D_1sec_point,DTM,STEEP,77.56,-25.08,16.90,-1.45,2.46,3.19,-1.32,3.50,2.69,1.63,1.45,79083,5.7,78.53
brazil,S24MW047D,FABDEM,md_MDS_sampa_ll_elev_1m_S24MW047D_1sec_point,DSM,ALL,77.56,-77.04,122.35,-0.32,2.07,2.78,-0.19,2.80,2.07,1.59,0.32,100706,4.4,100
brazil,S24MW047D,FABDEM,md_MDS_sampa_ll_elev_1m_S24MW047D_1sec_point,DSM,FLAT,77.56,-69.84,17.96,-0.58,1.91,2.49,-0.50,2.56,1.95,0.32,0.58,22265,4.11,22.11
brazil,S24MW047D,FABDEM,md_MDS_sampa_ll_elev_1m_S24MW047D_1sec_point,DSM,STEEP,77.56,-77.04,122.35,-0.27,2.09,2.82,-0.11,2.84,2.09,1.16,0.27,76733,4.46,76.2
brazil,S24TW047D,COP,md_MDT_sampa_ll_elev_1m_S24TW047D_1sec_point,DTM,ALL,99.15,-12.19,14.13,1.97,1.41,1.92,1.85,2.75,2.22,1.91,1.97,128518,4.28,100
brazil,S24TW047D,COP,md_MDT_sampa_ll_elev_1m_S24TW047D_1sec_point,DTM,FLAT,99.15,-12.19,14.13,2.06,1.37,1.86,1.91,2.78,2.25,1.81,2.06,121018,4.32,94.16
brazil,S24TW047D,COP,md_MDT_sampa_ll_elev_1m_S24TW047D_1sec_point,DTM,STEEP,99.15,-12.16,11.72,0.10,1.51,2.19,0.07,2.19,1.51,0.11,0.10,6074,3.14,4.73
brazil,S24TW047D,COP,md_MDS_sampa_ll_elev_1m_S24TW047D_1sec_point,DSM,ALL,99.15,-72.55,43.17,-5.05,4.22,6.06,-3.10,7.89,5.18,3.13,5.05,128518,12,100
brazil,S24TW047D,COP,md_MDS_sampa_ll_elev_1m_S24TW047D_1sec_point,DSM,FLAT,99.15,-68.63,17.34,-3.68,3.23,4.74,-2.16,6.00,3.84,1.86,3.68,88751,9.22,69.06
brazil,S24TW047D,COP,md_MDS_sampa_ll_elev_1m_S24TW047D_1sec_point,DSM,STEEP,99.15,-72.55,43.17,-8.28,5.15,7.40,-6.70,11.10,8.33,0.78,8.28,38332,16.63,29.83
brazil,S24TW047D,SRTM,md_MDT_sampa_ll_elev_1m_S24TW047D_1sec_point,DTM,ALL,99.15,-13.99,27.64,2.14,1.87,2.70,1.79,3.44,2.59,1.95,2.14,128518,5.45,100
brazil,S24TW047D,SRTM,md_MDT_sampa_ll_elev_1m_S24TW047D_1sec_point,DTM,FLAT,99.15,-13.22,27.64,2.25,1.83,2.63,1.84,3.47,2.60,1.85,2.25,121018,5.5,94.16
brazil,S24TW047D,SRTM,md_MDT_sampa_ll_elev_1m_S24TW047D_1sec_point,DTM,STEEP,99.15,-13.99,17.31,-0.06,2.33,3.14,-0.18,3.14,2.33,0.13,0.06,6074,4.86,4.73
brazil,S24TW047D,SRTM,md_MDS_sampa_ll_elev_1m_S24TW047D_1sec_point,DSM,ALL,99.15,-107.06,43.37,-4.91,3.90,5.76,-3.41,7.57,5.13,3.47,4.91,128518,11.27,100
brazil,S24TW047D,SRTM,md_MDS_sampa_ll_elev_1m_S24TW047D_1sec_point,DSM,FLAT,99.15,-107.06,17.23,-3.70,3.07,4.60,-2.59,5.90,3.97,2.25,3.70,88751,8.78,69.06
brazil,S24TW047D,SRTM,md_MDS_sampa_ll_elev_1m_S24TW047D_1sec_point,DSM,STEEP,99.15,-70.74,43.37,-7.75,4.80,7.03,-6.13,10.47,7.86,0.96,7.75,38332,15.7,29.83
brazil,S24TW047D,ALOS,md_MDT_sampa_ll_elev_1m_S24TW047D_1sec_area,DTM,ALL,99.15,-12.20,47.36,4.87,4.22,5.77,2.78,7.55,5.03,2.80,4.87,128162,13,100
brazil,S24TW047D,ALOS,md_MDT_sampa_ll_elev_1m_S24TW047D_1sec_area,DTM,FLAT,99.15,-12.02,47.36,5.00,4.27,5.81,2.87,7.67,5.14,2.59,5.00,120943,13.2,94.37
brazil,S24TW047D,ALOS,md_MDT_sampa_ll_elev_1m_S24TW047D_1sec_area,DTM,STEEP,99.15,-12.20,28.59,2.73,3.24,4.66,1.29,5.40,3.26,0.14,2.73,6140,9.33,4.79
brazil,S24TW047D,ALOS,md_MDS_sampa_ll_elev_1m_S24TW047D_1sec_area,DSM,ALL,99.15,-152.61,46.87,-2.32,3.42,5.60,-1.34,6.06,3.62,1.99,2.32,128162,8.6,100
brazil,S24TW047D,ALOS,md_MDS_sampa_ll_elev_1m_S24TW047D_1sec_area,DSM,FLAT,99.15,-152.61,27.39,-1.96,2.68,4.45,-1.22,4.86,2.92,1.23,1.96,88676,6.97,69.19
brazil,S24TW047D,ALOS,md_MDS_sampa_ll_elev_1m_S24TW047D_1sec_area,DSM,STEEP,99.15,-89.64,46.87,-3.19,4.98,7.54,-1.96,8.19,5.25,0.51,3.19,38416,11.67,29.97
brazil,S24TW047D,NASA,md_MDT_sampa_ll_elev_1m_S24TW047D_1sec_point,DTM,ALL,99.15,-13.76,23.88,1.73,1.67,2.42,1.62,2.98,2.28,1.83,1.73,128518,4.57,100
brazil,S24TW047D,NASA,md_MDT_sampa_ll_elev_1m_S24TW047D_1sec_point,DTM,FLAT,99.15,-12.96,23.88,1.86,1.60,2.33,1.68,2.98,2.29,1.73,1.86,121018,4.56,94.16
brazil,S24TW047D,NASA,md_MDT_sampa_ll_elev_1m_S24TW047D_1sec_point,DTM,STEEP,99.15,-13.76,13.93,-0.81,2.18,2.88,-0.86,2.99,2.29,0.11,0.81,6074,4.81,4.73
brazil,S24TW047D,NASA,md_MDS_sampa_ll_elev_1m_S24TW047D_1sec_point,DSM,ALL,99.15,-90.40,43.37,-5.28,4.01,5.84,-3.74,7.87,5.44,3.77,5.28,128518,11.79,100
brazil,S24TW047D,NASA,md_MDS_sampa_ll_elev_1m_S24TW047D_1sec_point,DSM,FLAT,99.15,-90.40,18.28,-3.96,3.15,4.66,-2.76,6.11,4.16,2.44,3.96,88751,9.2,69.06
brazil,S24TW047D,NASA,md_MDS_sampa_ll_elev_1m_S24TW047D_1sec_point,DSM,STEEP,99.15,-69.73,43.37,-8.39,4.78,7.00,-6.79,10.93,8.45,1.05,8.39,38332,16.27,29.83
brazil,S24TW047D,ASTER,md_MDT_sampa_ll_elev_1m_S24TW047D_1sec_point,DTM,ALL,99.15,-11.43,29.20,3.66,2.04,2.81,3.56,4.61,3.92,3.61,3.66,128518,6.94,100
brazil,S24TW047D,ASTER,md_MDT_sampa_ll_elev_1m_S24TW047D_1sec_point,DTM,FLAT,99.15,-11.38,29.20,3.81,1.97,2.71,3.65,4.68,4.00,3.46,3.81,121018,7.01,94.16
brazil,S24TW047D,ASTER,md_MDT_sampa_ll_elev_1m_S24TW047D_1sec_point,DTM,STEEP,99.15,-11.43,15.59,0.68,2.50,3.26,0.64,3.33,2.55,0.28,0.68,6074,5.3,4.73
brazil,S24TW047D,ASTER,md_MDS_sampa_ll_elev_1m_S24TW047D_1sec_point,DSM,ALL,99.15,-102.21,50.02,-3.50,4.12,6.01,-2.10,6.95,4.41,2.67,3.50,128518,10.24,100
brazil,S24TW047D,ASTER,md_MDS_sampa_ll_elev_1m_S24TW047D_1sec_point,DSM,FLAT,99.15,-102.21,17.80,-2.14,3.30,4.84,-1.08,5.29,3.32,1.64,2.14,88751,7.72,69.06
brazil,S24TW047D,ASTER,md_MDS_sampa_ll_elev_1m_S24TW047D_1sec_point,DSM,STEEP,99.15,-70.70,50.02,-6.72,4.83,7.11,-5.13,9.78,6.96,0.66,6.72,38332,14.5,29.83
brazil,S24TW047D,FABDEM,md_MDT_sampa_ll_elev_1m_S24TW047D_1sec_point,DTM,ALL,99.15,-14.51,11.74,-0.28,1.04,1.65,-0.23,1.67,1.07,0.62,0.28,128518,2.63,100
brazil,S24TW047D,FABDEM,md_MDT_sampa_ll_elev_1m_S24TW047D_1sec_point,DTM,FLAT,99.15,-14.51,11.74,-0.18,0.96,1.51,-0.21,1.52,0.99,0.56,0.18,121018,2.36,94.16
brazil,S24TW047D,FABDEM,md_MDT_sampa_ll_elev_1m_S24TW047D_1sec_point,DTM,STEEP,99.15,-13.95,9.37,-2.42,1.87,2.51,-2.25,3.49,2.78,0.03,2.42,6074,5.54,4.73
brazil,S24TW047D,FABDEM,md_MDS_sampa_ll_elev_1m_S24TW047D_1sec_point,DSM,ALL,99.15,-73.18,56.05,-6.85,4.24,6.07,-5.26,9.15,6.92,5.26,6.85,128518,13.73,100
brazil,S24TW047D,FABDEM,md_MDS_sampa_ll_elev_1m_S24TW047D_1sec_point,DSM,FLAT,99.15,-69.79,17.63,-5.38,3.29,4.79,-4.14,7.21,5.48,3.77,5.38,88751,10.93,69.06
brazil,S24TW047D,FABDEM,md_MDS_sampa_ll_elev_1m_S24TW047D_1sec_point,DSM,STEEP,99.15,-73.18,56.05,-10.30,4.97,7.19,-8.80,12.56,10.32,2.25,10.30,38332,18.36,29.83
brazil,S24TW047F,COP,md_MDT_sampa_ll_elev_1m_S24TW047F_1sec_point,DTM,ALL,98.59,-12.73,15.83,1.00,1.02,1.45,0.84,1.76,1.27,0.96,1.00,127790,2.66,100
brazil,S24TW047F,COP,md_MDT_sampa_ll_elev_1m_S24TW047F_1sec_point,DTM,FLAT,98.59,-12.72,15.83,1.05,1.01,1.43,0.87,1.77,1.28,0.89,1.05,120047,2.68,93.94
brazil,S24TW047F,COP,md_MDT_sampa_ll_elev_1m_S24TW047F_1sec_point,DTM,STEEP,98.59,-12.73,7.89,0.05,0.98,1.44,0.08,1.44,0.98,0.04,0.05,6233,1.99,4.88
brazil,S24TW047F,COP,md_MDS_sampa_ll_elev_1m_S24TW047F_1sec_point,DSM,ALL,98.59,-47.81,43.98,-2.18,2.27,3.51,-1.07,4.14,2.37,1.14,2.18,127790,6.28,100
brazil,S24TW047F,COP,md_MDS_sampa_ll_elev_1m_S24TW047F_1sec_point,DSM,FLAT,98.59,-47.81,17.32,-1.81,1.86,2.98,-0.96,3.49,2.00,0.91,1.81,106745,4.98,83.53
brazil,S24TW047F,COP,md_MDS_sampa_ll_elev_1m_S24TW047F_1sec_point,DSM,STEEP,98.59,-42.96,43.98,-4.30,3.88,5.14,-2.37,6.70,4.44,0.16,4.30,19535,11.31,15.29
brazil,S24TW047F,SRTM,md_MDT_sampa_ll_elev_1m_S24TW047F_1sec_point,DTM,ALL,98.59,-13.16,15.78,0.82,1.23,1.73,0.85,1.91,1.44,1.16,0.82,127790,2.91,100
brazil,S24TW047F,SRTM,md_MDT_sampa_ll_elev_1m_S24TW047F_1sec_point,DTM,FLAT,98.59,-13.16,15.78,0.90,1.18,1.66,0.90,1.89,1.42,1.08,0.90,120047,2.87,93.94
brazil,S24TW047F,SRTM,md_MDT_sampa_ll_elev_1m_S24TW047F_1sec_point,DTM,STEEP,98.59,-12.94,8.89,-0.71,1.56,2.12,-0.56,2.24,1.63,0.06,0.71,6233,3.51,4.88
brazil,S24TW047F,SRTM,md_MDS_sampa_ll_elev_1m_S24TW047F_1sec_point,DSM,ALL,98.59,-50.09,41.68,-2.35,2.47,3.67,-1.35,4.36,2.70,1.52,2.35,127790,6.74,100
brazil,S24TW047F,SRTM,md_MDS_sampa_ll_elev_1m_S24TW047F_1sec_point,DSM,FLAT,98.59,-50.09,17.99,-1.92,2.08,3.16,-1.17,3.70,2.29,1.21,1.92,106745,5.45,83.53
brazil,S24TW047F,SRTM,md_MDS_sampa_ll_elev_1m_S24TW047F_1sec_point,DSM,STEEP,98.59,-42.79,41.68,-4.78,3.84,5.11,-3.34,6.99,4.99,0.20,4.78,19535,11.54,15.29
brazil,S24TW047F,ALOS,md_MDT_sampa_ll_elev_1m_S24TW047F_1sec_area,DTM,ALL,98.59,-12.29,45.21,1.68,1.65,3.06,1.00,3.49,1.87,1.07,1.68,127403,3.79,100
brazil,S24TW047F,ALOS,md_MDT_sampa_ll_elev_1m_S24TW047F_1sec_area,DTM,FLAT,98.59,-12.29,45.21,1.74,1.67,3.10,1.04,3.55,1.91,1.00,1.74,120031,3.86,94.21
brazil,S24TW047F,ALOS,md_MDT_sampa_ll_elev_1m_S24TW047F_1sec_area,DTM,STEEP,98.59,-12.27,35.91,0.48,1.07,2.04,0.31,2.09,1.11,0.05,0.48,6212,2.11,4.88
brazil,S24TW047F,ALOS,md_MDS_sampa_ll_elev_1m_S24TW047F_1sec_area,DSM,ALL,98.59,-143.56,39.45,-1.57,2.09,3.49,-0.75,3.83,2.11,0.95,1.57,127403,5.56,100
brazil,S24TW047F,ALOS,md_MDS_sampa_ll_elev_1m_S24TW047F_1sec_area,DSM,FLAT,98.59,-143.56,29.89,-1.32,1.74,2.97,-0.68,3.25,1.79,0.75,1.32,106730,4.44,83.77
brazil,S24TW047F,ALOS,md_MDS_sampa_ll_elev_1m_S24TW047F_1sec_area,DSM,STEEP,98.59,-84.67,39.45,-2.96,3.72,5.36,-1.50,6.12,3.88,0.12,2.96,19522,10.46,15.32
brazil,S24TW047F,NASA,md_MDT_sampa_ll_elev_1m_S24TW047F_1sec_point,DTM,ALL,98.59,-13.26,16.30,0.51,1.20,1.66,0.58,1.74,1.30,1.03,0.51,127790,2.66,100
brazil,S24TW047F,NASA,md_MDT_sampa_ll_elev_1m_S24TW047F_1sec_point,DTM,FLAT,98.59,-13.26,16.30,0.60,1.15,1.58,0.64,1.69,1.27,0.96,0.60,120047,2.59,93.94
brazil,S24TW047F,NASA,md_MDT_sampa_ll_elev_1m_S24TW047F_1sec_point,DTM,STEEP,98.59,-13.04,5.29,-1.20,1.49,2.02,-1.06,2.35,1.76,0.05,1.20,6233,3.65,4.88
brazil,S24TW047F,NASA,md_MDS_sampa_ll_elev_1m_S24TW047F_1sec_point,DSM,ALL,98.59,-49.52,41.68,-2.65,2.44,3.62,-1.62,4.49,2.85,1.68,2.65,127790,7.01,100
brazil,S24TW047F,NASA,md_MDS_sampa_ll_elev_1m_S24TW047F_1sec_point,DSM,FLAT,98.59,-49.52,17.45,-2.20,2.04,3.10,-1.42,3.80,2.42,1.34,2.20,106745,5.66,83.53
brazil,S24TW047F,NASA,md_MDS_sampa_ll_elev_1m_S24TW047F_1sec_point,DSM,STEEP,98.59,-42.84,41.68,-5.17,3.78,5.01,-3.71,7.20,5.28,0.23,5.17,19535,11.82,15.29
brazil,S24TW047F,ASTER,md_MDT_sampa_ll_elev_1m_S24TW047F_1sec_point,DTM,ALL,98.59,-11.54,18.57,3.14,1.76,2.33,3.10,3.91,3.33,3.13,3.14,127790,5.96,100
brazil,S24TW047F,ASTER,md_MDT_sampa_ll_elev_1m_S24TW047F_1sec_point,DTM,FLAT,98.59,-11.54,18.57,3.23,1.71,2.26,3.16,3.95,3.38,2.98,3.23,120047,5.99,93.94
brazil,S24TW047F,ASTER,md_MDT_sampa_ll_elev_1m_S24TW047F_1sec_point,DTM,STEEP,98.59,-11.53,12.37,1.35,2.09,2.74,1.37,3.05,2.38,0.22,1.35,6233,4.9,4.88
brazil,S24TW047F,ASTER,md_MDS_sampa_ll_elev_1m_S24TW047F_1sec_point,DSM,ALL,98.59,-64.29,39.90,-0.11,2.73,4.02,0.66,4.02,2.71,1.88,0.11,127790,5.71,100
brazil,S24TW047F,ASTER,md_MDS_sampa_ll_elev_1m_S24TW047F_1sec_point,DSM,FLAT,98.59,-64.29,17.49,0.34,2.36,3.51,0.87,3.53,2.44,1.53,0.34,106745,5.05,83.53
brazil,S24TW047F,ASTER,md_MDS_sampa_ll_elev_1m_S24TW047F_1sec_point,DSM,STEEP,98.59,-52.28,39.90,-2.69,4.06,5.45,-1.47,6.08,4.15,0.27,2.69,19535,10.01,15.29
brazil,S24TW047F,FABDEM,md_MDT_sampa_ll_elev_1m_S24TW047F_1sec_point,DTM,ALL,98.59,-13.87,7.93,-0.50,1.00,1.41,-0.35,1.49,1.05,0.73,0.50,127790,2.36,100
brazil,S24TW047F,FABDEM,md_MDT_sampa_ll_elev_1m_S24TW047F_1sec_point,DTM,FLAT,98.59,-13.87,7.14,-0.42,0.93,1.31,-0.32,1.38,0.98,0.67,0.42,120047,2.19,93.94
brazil,S24TW047F,FABDEM,md_MDT_sampa_ll_elev_1m_S24TW047F_1sec_point,DTM,STEEP,98.59,-13.42,4.39,-2.06,1.54,2.03,-1.93,2.89,2.31,0.03,2.06,6233,4.49,4.88
brazil,S24TW047F,FABDEM,md_MDS_sampa_ll_elev_1m_S24TW047F_1sec_point,DSM,ALL,98.59,-43.45,46.58,-3.52,2.49,3.66,-2.50,5.08,3.60,2.51,3.52,127790,7.93,100
brazil,S24TW047F,FABDEM,md_MDS_sampa_ll_elev_1m_S24TW047F_1sec_point,DSM,FLAT,98.59,-42.68,17.53,-3.07,2.09,3.14,-2.30,4.39,3.16,2.12,3.07,106745,6.62,83.53
brazil,S24TW047F,FABDEM,md_MDS_sampa_ll_elev_1m_S24TW047F_1sec_point,DSM,STEEP,98.59,-43.45,46.58,-6.03,3.85,5.06,-4.64,7.87,6.07,0.54,6.03,19535,12.82,15.29
brazil,S24TW047G,COP,md_MDT_sampa_ll_elev_1m_S24TW047G_1sec_point,DTM,ALL,99.45,-63.28,17.85,0.36,1.23,2.47,0.42,2.49,1.29,0.82,0.36,128877,2.78,100
brazil,S24TW047G,COP,md_MDT_sampa_ll_elev_1m_S24TW047G_1sec_point,DTM,FLAT,99.45,-63.28,17.85,0.54,1.07,1.90,0.48,1.98,1.16,0.65,0.54,105556,2.47,81.9
brazil,S24TW047G,COP,md_MDT_sampa_ll_elev_1m_S24TW047G_1sec_point,DTM,STEEP,99.45,-62.82,12.47,-0.53,1.94,4.15,-0.16,4.18,1.91,0.12,0.53,21884,3.88,16.98
brazil,S24TW047G,COP,md_MDS_sampa_ll_elev_1m_S24TW047G_1sec_point,DSM,ALL,99.45,-87.62,211.91,-1.17,1.41,2.68,-0.72,2.93,1.54,0.90,1.17,128877,3.44,100
brazil,S24TW047G,COP,md_MDS_sampa_ll_elev_1m_S24TW047G_1sec_point,DSM,FLAT,99.45,-87.62,17.74,-0.88,1.11,1.88,-0.62,2.07,1.25,0.63,0.88,96902,2.74,75.19
brazil,S24TW047G,COP,md_MDS_sampa_ll_elev_1m_S24TW047G_1sec_point,DSM,STEEP,99.45,-65.28,211.91,-2.11,2.23,4.22,-1.24,4.71,2.46,0.19,2.11,30529,5.52,23.69
brazil,S24TW047G,SRTM,md_MDT_sampa_ll_elev_1m_S24TW047G_1sec_point,DTM,ALL,99.45,-60.63,35.48,-0.04,1.67,2.83,0.24,2.83,1.66,1.14,0.04,128877,3.47,100
brazil,S24TW047G,SRTM,md_MDT_sampa_ll_elev_1m_S24TW047G_1sec_point,DTM,FLAT,99.45,-60.63,35.16,0.30,1.39,2.23,0.41,2.25,1.44,0.90,0.30,105556,2.94,81.9
brazil,S24TW047G,SRTM,md_MDT_sampa_ll_elev_1m_S24TW047G_1sec_point,DTM,STEEP,99.45,-58.75,35.48,-1.76,2.54,4.40,-1.21,4.74,2.74,0.17,1.76,21884,5.75,16.98
brazil,S24TW047G,SRTM,md_MDS_sampa_ll_elev_1m_S24TW047G_1sec_point,DSM,ALL,99.45,-103.12,201.82,-1.56,1.97,3.15,-0.98,3.52,2.13,1.30,1.56,128877,5.02,100
brazil,S24TW047G,SRTM,md_MDS_sampa_ll_elev_1m_S24TW047G_1sec_point,DSM,FLAT,99.45,-95.96,29.95,-1.07,1.55,2.36,-0.75,2.59,1.67,0.92,1.07,96902,3.72,75.19
brazil,S24TW047G,SRTM,md_MDS_sampa_ll_elev_1m_S24TW047G_1sec_point,DSM,STEEP,99.45,-103.12,201.82,-3.18,2.85,4.52,-2.38,5.53,3.59,0.27,3.18,30529,7.81,23.69
brazil,S24TW047G,ALOS,md_MDT_sampa_ll_elev_1m_S24TW047G_1sec_area,DTM,ALL,99.45,-70.69,3.08,-4.01,2.04,3.20,-3.24,5.13,4.01,3.24,4.01,128520,7.48,100
brazil,S24TW047G,ALOS,md_MDT_sampa_ll_elev_1m_S24TW047G_1sec_area,DTM,FLAT,99.45,-70.69,3.08,-3.39,1.56,2.41,-2.88,4.16,3.39,2.83,3.39,105495,5.92,82.08
brazil,S24TW047G,ALOS,md_MDT_sampa_ll_elev_1m_S24TW047G_1sec_area,DTM,STEEP,99.45,-64.63,2.1E-0317,-7.02,2.72,4.57,-6.07,8.38,7.02,1.34,7.02,21954,11.03,17.08
brazil,S24TW047G,ALOS,md_MDS_sampa_ll_elev_1m_S24TW047G_1sec_area,DSM,ALL,99.45,-70.69,230.78,-5.29,2.35,3.58,-4.32,6.39,5.29,4.32,5.29,128520,9.36,100
brazil,S24TW047G,ALOS,md_MDS_sampa_ll_elev_1m_S24TW047G_1sec_area,DSM,FLAT,99.45,-70.69,18.00,-4.48,1.74,2.63,-3.82,5.20,4.48,3.71,4.48,97061,7.39,75.52
brazil,S24TW047G,ALOS,md_MDS_sampa_ll_elev_1m_S24TW047G_1sec_area,DSM,STEEP,99.45,-69.84,230.78,-7.93,3.04,4.76,-6.89,9.25,7.93,2.54,7.93,30379,12.68,23.64
brazil,S24TW047G,NASA,md_MDT_sampa_ll_elev_1m_S24TW047G_1sec_point,DTM,ALL,99.45,-61.27,29.87,-0.40,1.63,2.79,-0.08,2.82,1.61,1.05,0.40,128877,3.45,100
brazil,S24TW047G,NASA,md_MDT_sampa_ll_elev_1m_S24TW047G_1sec_point,DTM,FLAT,99.45,-61.27,29.87,-0.06,1.35,2.18,0.09,2.18,1.34,0.83,0.06,105556,2.77,81.9
brazil,S24TW047G,NASA,md_MDT_sampa_ll_elev_1m_S24TW047G_1sec_point,DTM,STEEP,99.45,-59.33,29.37,-2.11,2.51,4.38,-1.57,4.86,2.87,0.16,2.11,21884,5.98,16.98
brazil,S24TW047G,NASA,md_MDS_sampa_ll_elev_1m_S24TW047G_1sec_point,DSM,ALL,99.45,-91.53,205.38,-1.91,1.96,3.14,-1.30,3.68,2.29,1.45,1.91,128877,5.3,100
brazil,S24TW047G,NASA,md_MDS_sampa_ll_elev_1m_S24TW047G_1sec_point,DSM,FLAT,99.45,-85.94,26.40,-1.41,1.53,2.34,-1.06,2.73,1.81,1.02,1.41,96902,4.02,75.19
brazil,S24TW047G,NASA,md_MDS_sampa_ll_elev_1m_S24TW047G_1sec_point,DSM,STEEP,99.45,-91.53,205.38,-3.55,2.84,4.52,-2.73,5.75,3.84,0.30,3.55,30529,8.11,23.69
brazil,S24TW047G,ASTER,md_MDT_sampa_ll_elev_1m_S24TW047G_1sec_point,DTM,ALL,99.45,-66.60,19.80,1.61,2.06,3.17,1.78,3.56,2.60,2.18,1.61,128877,5.01,100
brazil,S24TW047G,ASTER,md_MDT_sampa_ll_elev_1m_S24TW047G_1sec_point,DTM,FLAT,99.45,-66.60,19.80,1.93,1.84,2.67,1.97,3.29,2.55,1.78,1.93,105556,4.9,81.9
brazil,S24TW047G,ASTER,md_MDT_sampa_ll_elev_1m_S24TW047G_1sec_point,DTM,STEEP,99.45,-62.55,15.36,0.00,2.81,4.63,0.34,4.63,2.81,0.38,0.00,21884,5.6,16.98
brazil,S24TW047G,ASTER,md_MDS_sampa_ll_elev_1m_S24TW047G_1sec_point,DSM,ALL,99.45,-80.63,222.96,0.07,2.24,3.42,0.50,3.43,2.26,1.65,0.07,128877,4.73,100
brazil,S24TW047G,ASTER,md_MDS_sampa_ll_elev_1m_S24TW047G_1sec_point,DSM,FLAT,99.45,-80.63,19.69,0.54,1.88,2.71,0.76,2.77,1.99,1.19,0.54,96902,4.13,75.19
brazil,S24TW047G,ASTER,md_MDS_sampa_ll_elev_1m_S24TW047G_1sec_point,DSM,STEEP,99.45,-65.58,222.96,-1.48,3.04,4.75,-0.92,4.98,3.11,0.36,1.48,30529,6.55,23.69
brazil,S24TW047G,FABDEM,md_MDT_sampa_ll_elev_1m_S24TW047G_1sec_point,DTM,ALL,99.45,-63.69,15.76,-0.82,1.53,2.62,-0.64,2.74,1.63,1.14,0.82,128877,3.45,100
brazil,S24TW047G,FABDEM,md_MDT_sampa_ll_elev_1m_S24TW047G_1sec_point,DTM,FLAT,99.45,-63.69,15.76,-0.60,1.34,2.08,-0.52,2.17,1.41,0.90,0.60,105556,2.99,81.9
brazil,S24TW047G,FABDEM,md_MDT_sampa_ll_elev_1m_S24TW047G_1sec_point,DTM,STEEP,99.45,-62.47,15.06,-1.92,2.22,4.21,-1.60,4.62,2.65,0.17,1.92,21884,5.04,16.98
brazil,S24TW047G,FABDEM,md_MDS_sampa_ll_elev_1m_S24TW047G_1sec_point,DSM,ALL,99.45,-102.88,209.53,-2.31,1.78,2.96,-1.85,3.76,2.54,1.92,2.31,128877,5.16,100
brazil,S24TW047G,FABDEM,md_MDS_sampa_ll_elev_1m_S24TW047G_1sec_point,DSM,FLAT,99.45,-102.88,17.52,-1.95,1.45,2.19,-1.68,2.94,2.17,1.46,1.95,96902,4.31,75.19
brazil,S24TW047G,FABDEM,md_MDS_sampa_ll_elev_1m_S24TW047G_1sec_point,DSM,STEEP,99.45,-63.80,209.53,-3.49,2.60,4.43,-2.78,5.64,3.75,0.50,3.49,30529,7.48,23.69
us_3dep,N38VW124H,COP,california_coast_point,DTM,ALL,93.85,-19.39,33.41,0.37,3.05,4.15,-0.00,4.17,3.03,2.27,0.37,122287,6.59,100
us_3dep,N38VW124H,COP,california_coast_point,DTM,FLAT,93.85,-15.58,22.82,1.06,2.79,3.85,0.59,3.99,2.81,0.54,1.06,35895,6.57,29.35
us_3dep,N38VW124H,COP,california_coast_point,DTM,STEEP,93.85,-19.39,33.41,0.08,3.14,4.25,-0.28,4.25,3.14,1.49,0.08,86102,6.61,70.41
us_3dep,N38VW124J,COP,california_coast_point,DTM,ALL,100.00,-19.39,33.41,0.85,2.64,3.51,0.57,3.61,2.68,2.03,0.85,130321,5.77,100
us_3dep,N38VW124J,COP,california_coast_point,DTM,FLAT,100.00,-15.58,22.82,0.15,2.34,3.24,0.09,3.25,2.34,0.20,0.15,14946,5.22,11.47
us_3dep,N38VW124J,COP,california_coast_point,DTM,STEEP,100.00,-19.39,33.41,0.94,2.68,3.54,0.64,3.66,2.72,1.75,0.94,115366,5.83,88.52
us_3dep,N38VW124K,COP,california_coast_point,DTM,ALL,85.19,-19.39,33.41,0.18,2.21,2.94,-0.04,2.94,2.20,1.69,0.18,110827,4.77,100
us_3dep,N38VW124K,COP,california_coast_point,DTM,FLAT,85.19,-15.58,22.82,-0.40,2.12,2.84,-0.49,2.87,2.16,0.11,0.40,8235,4.63,7.43
us_3dep,N38VW124K,COP,california_coast_point,DTM,STEEP,85.19,-19.39,33.41,0.22,2.21,2.93,-0.00,2.94,2.20,1.53,0.22,102222,4.77,92.24
us_3dep,N38XW124H,COP,california_coast_point,DTM,ALL,100.00,-20.67,33.41,-0.03,2.66,3.46,-0.18,3.46,2.66,2.14,0.03,130321,5.58,100
us_3dep,N38XW124H,COP,california_coast_point,DTM,FLAT,100.00,-17.01,22.82,0.34,2.76,3.60,0.37,3.62,2.78,0.33,0.34,22276,5.91,17.09
us_3dep,N38XW124H,COP,california_coast_point,DTM,STEEP,100.00,-20.67,33.41,-0.11,2.63,3.42,-0.31,3.42,2.63,1.72,0.11,108036,5.5,82.9
us_3dep,N38XW124J,COP,california_coast_point,DTM,ALL,100.00,-20.67,33.41,0.42,2.41,3.11,0.28,3.14,2.42,1.93,0.42,130321,5.12,100
us_3dep,N38XW124J,COP,california_coast_point,DTM,FLAT,100.00,-17.01,22.82,0.17,2.30,3.02,0.02,3.03,2.30,0.12,0.17,9045,4.95,6.94
us_3dep,N38XW124J,COP,california_coast_point,DTM,STEEP,100.00,-20.67,33.41,0.44,2.41,3.12,0.30,3.15,2.42,1.77,0.44,121276,5.13,93.06
us_3dep,N38XW124K,COP,california_coast_point,DTM,ALL,85.04,-20.67,33.41,0.33,2.39,3.15,0.21,3.16,2.39,1.88,0.33,110827,5.06,100
us_3dep,N38XW124K,COP,california_coast_point,DTM,FLAT,85.04,-17.01,22.82,0.31,2.30,3.04,0.28,3.06,2.31,0.17,0.31,10895,4.89,9.83
us_3dep,N38XW124K,COP,california_coast_point,DTM,STEEP,85.04,-20.67,33.41,0.33,2.39,3.15,0.20,3.17,2.40,1.65,0.33,99571,5.07,89.84
us_3dep,N38VW124H,SRTM,california_coast_point,DTM,ALL,93.85,-20.91,17.61,-2.04,2.75,3.52,-1.79,4.06,3.13,2.49,2.04,122287,6.82,100
us_3dep,N38VW124H,SRTM,california_coast_point,DTM,FLAT,93.85,-20.91,17.15,-1.09,2.38,3.16,-0.55,3.34,2.40,0.60,1.09,35895,5.58,29.35
us_3dep,N38VW124H,SRTM,california_coast_point,DTM,STEEP,93.85,-20.27,17.61,-2.44,2.79,3.58,-2.35,4.33,3.44,1.61,2.44,86102,7.15,70.41
us_3dep,N38VW124J,SRTM,california_coast_point,DTM,ALL,100.00,-20.91,23.37,-1.65,2.69,3.48,-1.72,3.85,3.05,2.55,1.65,130321,6.28,100
us_3dep,N38VW124J,SRTM,california_coast_point,DTM,FLAT,100.00,-20.91,17.15,-1.87,2.47,3.17,-1.67,3.68,2.84,0.27,1.87,14946,6.12,11.47
us_3dep,N38VW124J,SRTM,california_coast_point,DTM,STEEP,100.00,-20.27,23.37,-1.62,2.72,3.52,-1.73,3.88,3.07,2.21,1.62,115366,6.3,88.52
us_3dep,N38VW124K,SRTM,california_coast_point,DTM,ALL,85.19,-20.91,23.37,-1.83,2.45,3.16,-1.90,3.65,2.92,2.50,1.83,110827,5.94,100
us_3dep,N38VW124K,SRTM,california_coast_point,DTM,FLAT,85.19,-20.91,17.15,-2.66,2.22,2.85,-2.68,3.90,3.20,0.17,2.66,8235,6.26,7.43
us_3dep,N38VW124K,SRTM,california_coast_point,DTM,STEEP,85.19,-20.27,23.37,-1.77,2.45,3.17,-1.83,3.63,2.90,2.28,1.77,102222,5.91,92.24
us_3dep,N38XW124H,SRTM,california_coast_point,DTM,ALL,100.00,-25.93,23.37,-2.05,2.78,3.55,-2.03,4.10,3.25,2.72,2.05,130321,6.7,100
us_3dep,N38XW124H,SRTM,california_coast_point,DTM,FLAT,100.00,-20.91,17.15,-1.39,2.63,3.32,-0.87,3.60,2.70,0.43,1.39,22276,6.08,17.09
us_3dep,N38XW124H,SRTM,california_coast_point,DTM,STEEP,100.00,-25.93,23.37,-2.18,2.78,3.58,-2.25,4.19,3.36,2.19,2.18,108036,6.81,82.9
us_3dep,N38XW124J,SRTM,california_coast_point,DTM,ALL,100.00,-25.93,23.37,-1.87,2.55,3.30,-1.85,3.79,2.99,2.49,1.87,130321,6.19,100
us_3dep,N38XW124J,SRTM,california_coast_point,DTM,FLAT,100.00,-20.91,17.15,-2.16,2.35,3.03,-2.01,3.72,2.92,0.16,2.16,9045,6.03,6.94
us_3dep,N38XW124J,SRTM,california_coast_point,DTM,STEEP,100.00,-25.93,23.37,-1.85,2.56,3.32,-1.84,3.80,3.00,2.29,1.85,121276,6.2,93.06
us_3dep,N38XW124K,SRTM,california_coast_point,DTM,ALL,85.04,-25.93,23.37,-2.02,2.58,3.35,-1.96,3.91,3.07,2.54,2.02,110827,6.41,100
us_3dep,N38XW124K,SRTM,california_coast_point,DTM,FLAT,85.04,-20.91,17.15,-2.18,2.44,3.14,-1.95,3.82,2.96,0.23,2.18,10895,6.36,9.83
us_3dep,N38XW124K,SRTM,california_coast_point,DTM,STEEP,85.04,-25.93,23.37,-2.00,2.59,3.37,-1.96,3.92,3.08,2.24,2.00,99571,6.41,89.84
us_3dep,N38VW124H,ALOS,california_coast_area,DTM,ALL,93.85,-14.37,34.58,1.80,3.14,4.21,1.24,4.58,3.29,2.37,1.80,122374,7.47,100
us_3dep,N38VW124H,ALOS,california_coast_area,DTM,FLAT,93.85,-12.99,23.96,1.98,2.95,3.96,1.30,4.43,3.13,0.55,1.98,35736,7.4,29.2
us_3dep,N38VW124H,ALOS,california_coast_area,DTM,STEEP,93.85,-14.37,34.58,1.74,3.22,4.31,1.22,4.64,3.37,1.53,1.74,86344,7.51,70.56
us_3dep,N38VW124J,ALOS,california_coast_area,DTM,ALL,100.00,-14.37,34.58,2.16,2.76,3.65,1.59,4.24,3.07,2.20,2.16,130321,6.91,100
us_3dep,N38VW124J,ALOS,california_coast_area,DTM,FLAT,100.00,-13.95,25.66,1.11,2.33,3.33,0.65,3.51,2.37,0.21,1.11,14911,5.55,11.44
us_3dep,N38VW124J,ALOS,california_coast_area,DTM,STEEP,100.00,-14.37,34.58,2.30,2.79,3.66,1.75,4.32,3.16,1.87,2.30,115401,7.04,88.55
us_3dep,N38VW124K,ALOS,california_coast_area,DTM,ALL,85.19,-14.37,34.58,1.17,2.18,2.93,0.78,3.15,2.26,1.58,1.17,111188,5.21,100
us_3dep,N38VW124K,ALOS,california_coast_area,DTM,FLAT,85.19,-13.95,25.66,0.49,1.99,2.79,0.26,2.83,1.99,0.11,0.49,8279,4.53,7.45
us_3dep,N38VW124K,ALOS,california_coast_area,DTM,STEEP,85.19,-14.37,34.58,1.22,2.18,2.93,0.82,3.17,2.28,1.42,1.22,102530,5.24,92.21
us_3dep,N38XW124H,ALOS,california_coast_area,DTM,ALL,100.00,-15.04,34.58,1.59,2.67,3.51,1.29,3.86,2.88,2.21,1.59,130321,6.22,100
us_3dep,N38XW124H,ALOS,california_coast_area,DTM,FLAT,100.00,-13.95,25.66,1.51,2.72,3.53,1.26,3.84,2.93,0.34,1.51,22289,6.31,17.1
us_3dep,N38XW124H,ALOS,california_coast_area,DTM,STEEP,100.00,-15.04,34.58,1.61,2.66,3.51,1.30,3.86,2.87,1.76,1.61,108032,6.2,82.9
us_3dep,N38XW124J,ALOS,california_coast_area,DTM,ALL,100.00,-15.04,34.58,1.60,2.35,3.06,1.28,3.46,2.59,1.95,1.60,130321,5.74,100
us_3dep,N38XW124J,ALOS,california_coast_area,DTM,FLAT,100.00,-13.95,25.66,0.74,2.07,2.80,0.56,2.89,2.11,0.12,0.74,9037,4.72,6.93
us_3dep,N38XW124J,ALOS,california_coast_area,DTM,STEEP,100.00,-15.04,34.58,1.66,2.36,3.07,1.34,3.49,2.62,1.77,1.66,121284,5.81,93.07
us_3dep,N38XW124K,ALOS,california_coast_area,DTM,ALL,85.04,-15.04,34.58,1.22,2.30,3.10,0.85,3.34,2.40,1.70,1.22,110975,5.49,100
us_3dep,N38XW124K,ALOS,california_coast_area,DTM,FLAT,85.04,-13.95,25.66,0.75,1.99,2.76,0.51,2.86,2.03,0.15,0.75,10990,4.7,9.9
us_3dep,N38XW124K,ALOS,california_coast_area,DTM,STEEP,85.04,-15.04,34.58,1.27,2.33,3.13,0.89,3.38,2.44,1.48,1.27,99622,5.57,89.77
us_3dep,N38VW124H,NASA,california_coast_point,DTM,ALL,93.85,-20.60,17.59,-2.25,2.77,3.54,-2.00,4.19,3.24,2.58,2.25,122287,7.01,100
us_3dep,N38VW124H,NASA,california_coast_point,DTM,FLAT,93.85,-20.60,15.93,-1.33,2.41,3.20,-0.80,3.46,2.48,0.63,1.33,35895,5.82,29.35
us_3dep,N38VW124H,NASA,california_coast_point,DTM,STEEP,93.85,-20.16,17.59,-2.65,2.81,3.60,-2.54,4.47,3.56,1.68,2.65,86102,7.36,70.41
us_3dep,N38VW124J,NASA,california_coast_point,DTM,ALL,100.00,-20.60,23.79,-1.87,2.68,3.47,-1.92,3.94,3.12,2.63,1.87,130321,6.43,100
us_3dep,N38VW124J,NASA,california_coast_point,DTM,FLAT,100.00,-20.60,15.93,-2.21,2.45,3.14,-1.98,3.84,2.97,0.28,2.21,14946,6.39,11.47
us_3dep,N38VW124J,NASA,california_coast_point,DTM,STEEP,100.00,-20.59,23.79,-1.83,2.71,3.50,-1.91,3.95,3.14,2.29,1.83,115366,6.43,88.52
us_3dep,N38VW124K,NASA,california_coast_point,DTM,ALL,85.19,-20.60,23.79,-1.93,2.47,3.18,-2.01,3.72,2.99,2.57,1.93,110827,6.06,100
us_3dep,N38VW124K,NASA,california_coast_point,DTM,FLAT,85.19,-20.60,15.93,-2.90,2.23,2.85,-2.92,4.07,3.38,0.18,2.90,8235,6.48,7.43
us_3dep,N38VW124K,NASA,california_coast_point,DTM,STEEP,85.19,-20.59,23.79,-1.86,2.48,3.19,-1.93,3.69,2.96,2.34,1.86,102222,6.02,92.24
us_3dep,N38XW124H,NASA,california_coast_point,DTM,ALL,100.00,-25.99,23.79,-2.27,2.79,3.56,-2.23,4.22,3.35,2.81,2.27,130321,6.9,100
us_3dep,N38XW124H,NASA,california_coast_point,DTM,FLAT,100.00,-20.60,15.93,-1.65,2.64,3.32,-1.10,3.71,2.76,0.44,1.65,22276,6.32,17.09
us_3dep,N38XW124H,NASA,california_coast_point,DTM,STEEP,100.00,-25.99,23.79,-2.39,2.79,3.59,-2.44,4.32,3.47,2.26,2.39,108036,6.99,82.9
us_3dep,N38XW124J,NASA,california_coast_point,DTM,ALL,100.00,-25.99,23.79,-2.03,2.57,3.32,-1.99,3.89,3.08,2.57,2.03,130321,6.33,100
us_3dep,N38XW124J,NASA,california_coast_point,DTM,FLAT,100.00,-20.60,15.93,-2.44,2.36,3.06,-2.28,3.91,3.09,0.17,2.44,9045,6.36,6.94
us_3dep,N38XW124J,NASA,california_coast_point,DTM,STEEP,100.00,-25.99,23.79,-2.00,2.58,3.34,-1.97,3.89,3.08,2.36,2.00,121276,6.32,93.06
us_3dep,N38XW124K,NASA,california_coast_point,DTM,ALL,85.04,-25.99,23.79,-2.18,2.60,3.37,-2.11,4.02,3.16,2.64,2.18,110827,6.56,100
us_3dep,N38XW124K,NASA,california_coast_point,DTM,FLAT,85.04,-20.60,15.93,-2.44,2.44,3.14,-2.23,3.98,3.11,0.24,2.44,10895,6.63,9.83
us_3dep,N38XW124K,NASA,california_coast_point,DTM,STEEP,85.04,-25.99,23.79,-2.15,2.61,3.39,-2.10,4.02,3.17,2.33,2.15,99571,6.55,89.84
us_3dep,N38VW124H,ASTER,california_coast_point,DTM,ALL,93.85,-20.62,28.98,-0.65,3.23,4.24,-0.44,4.29,3.26,2.55,0.65,122287,7.05,100
us_3dep,N38VW124H,ASTER,california_coast_point,DTM,FLAT,93.85,-20.62,18.30,-0.16,2.68,3.65,0.11,3.65,2.68,0.64,0.16,35895,5.95,29.35
us_3dep,N38VW124H,ASTER,california_coast_point,DTM,STEEP,93.85,-19.85,28.98,-0.85,3.43,4.45,-0.91,4.53,3.51,1.69,0.85,86102,7.38,70.41
us_3dep,N38VW124J,ASTER,california_coast_point,DTM,ALL,100.00,-22.10,28.98,-0.90,3.12,4.05,-1.02,4.15,3.23,2.64,0.90,130321,6.8,100
us_3dep,N38VW124J,ASTER,california_coast_point,DTM,FLAT,100.00,-20.62,18.30,-1.26,2.81,3.63,-1.07,3.84,2.94,0.27,1.26,14946,6.39,11.47
us_3dep,N38VW124J,ASTER,california_coast_point,DTM,STEEP,100.00,-22.10,28.98,-0.85,3.16,4.10,-1.02,4.19,3.27,2.28,0.85,115366,6.85,88.52
us_3dep,N38VW124K,ASTER,california_coast_point,DTM,ALL,85.19,-22.10,32.96,-0.77,3.16,4.08,-0.99,4.16,3.26,2.68,0.77,110827,6.75,100
us_3dep,N38VW124K,ASTER,california_coast_point,DTM,FLAT,85.19,-20.62,18.30,-1.36,3.04,3.94,-1.52,4.17,3.30,0.19,1.36,8235,6.74,7.43
us_3dep,N38VW124K,ASTER,california_coast_point,DTM,STEEP,85.19,-22.10,32.96,-0.73,3.17,4.09,-0.95,4.15,3.25,2.44,0.73,102222,6.75,92.24
us_3dep,N38XW124H,ASTER,california_coast_point,DTM,ALL,100.00,-26.00,32.96,-0.71,3.49,4.50,-0.72,4.55,3.54,2.87,0.71,130321,7.39,100
us_3dep,N38XW124H,ASTER,california_coast_point,DTM,FLAT,100.00,-25.97,18.30,-0.43,3.18,4.07,0.21,4.09,3.15,0.46,0.43,22276,6.7,17.09
us_3dep,N38XW124H,ASTER,california_coast_point,DTM,STEEP,100.00,-26.00,32.96,-0.77,3.54,4.58,-0.91,4.64,3.62,2.32,0.77,108036,7.51,82.9
us_3dep,N38XW124J,ASTER,california_coast_point,DTM,ALL,100.00,-26.00,32.96,-0.94,3.05,3.95,-0.98,4.06,3.16,2.56,0.94,130321,6.65,100
us_3dep,N38XW124J,ASTER,california_coast_point,DTM,FLAT,100.00,-25.97,18.30,-1.57,2.87,3.70,-1.43,4.02,3.12,0.16,1.57,9045,6.72,6.94
us_3dep,N38XW124J,ASTER,california_coast_point,DTM,STEEP,100.00,-26.00,32.96,-0.89,3.06,3.96,-0.94,4.06,3.16,2.35,0.89,121276,6.65,93.06
us_3dep,N38XW124K,ASTER,california_coast_point,DTM,ALL,85.04,-26.00,32.96,-1.04,3.13,4.06,-1.09,4.19,3.26,2.65,1.04,110827,6.88,100
us_3dep,N38XW124K,ASTER,california_coast_point,DTM,FLAT,85.04,-25.97,18.30,-1.12,2.93,3.81,-0.90,3.97,3.03,0.24,1.12,10895,6.57,9.83
us_3dep,N38XW124K,ASTER,california_coast_point,DTM,STEEP,85.04,-26.00,32.96,-1.04,3.15,4.09,-1.12,4.22,3.29,2.33,1.04,99571,6.91,89.84
us_3dep,N39PW113H,COP,canyon_range_point,DTM,ALL,88.75,-2.92,5.34,0.18,0.16,0.25,0.19,0.31,0.24,0.21,0.18,115664,0.43,100
us_3dep,N39PW113H,COP,canyon_range_point,DTM,FLAT,88.75,-2.92,5.34,0.18,0.16,0.25,0.19,0.31,0.24,0.21,0.18,114967,0.43,99.4
us_3dep,N39PW113H,COP,canyon_range_point,DTM,STEEP,88.75,-2.04,1.66,-0.05,0.51,0.64,-0.09,0.64,0.51,0.00,0.05,326,1.09,0.28
us_3dep,N39PW113J,COP,canyon_range_point,DTM,ALL,87.65,-4.50,5.34,0.07,0.31,0.46,0.13,0.46,0.33,0.25,0.07,114225,0.68,100
us_3dep,N39PW113J,COP,canyon_range_point,DTM,FLAT,87.65,-2.95,5.34,0.09,0.27,0.39,0.15,0.40,0.30,0.22,0.09,99755,0.6,87.33
us_3dep,N39PW113J,COP,canyon_range_point,DTM,STEEP,87.65,-4.50,4.54,-0.12,0.51,0.72,-0.17,0.73,0.53,0.03,0.12,14101,1.11,12.34
us_3dep,N39PW113K,COP,canyon_range_point,DTM,ALL,86.61,-28.52,19.01,-0.08,0.96,1.54,-0.06,1.54,0.96,0.57,0.08,112868,2.3,100
us_3dep,N39PW113K,COP,canyon_range_point,DTM,FLAT,86.61,-9.02,7.04,-0.07,0.50,0.78,-0.01,0.79,0.49,0.15,0.07,38549,1.13,34.15
us_3dep,N39PW113K,COP,canyon_range_point,DTM,STEEP,86.61,-28.52,19.01,-0.10,1.20,1.81,-0.13,1.81,1.20,0.32,0.10,73952,2.73,65.52
us_3dep,N39PW113L,COP,canyon_range_point,DTM,ALL,85.68,-28.52,26.23,-0.11,0.88,1.52,0.01,1.52,0.87,0.47,0.11,111659,2.04,100
us_3dep,N39PW113L,COP,canyon_range_point,DTM,FLAT,85.68,-9.02,7.43,0.07,0.44,0.73,0.10,0.74,0.45,0.17,0.07,52094,1.07,46.65
us_3dep,N39PW113L,COP,canyon_range_point,DTM,STEEP,85.68,-28.52,26.23,-0.28,1.22,1.94,-0.26,1.96,1.24,0.20,0.28,59189,2.66,53.01
us_3dep,N39QW113G,COP,canyon_range_point,DTM,ALL,85.46,-28.52,26.23,0.17,0.16,0.27,0.15,0.32,0.21,0.17,0.17,111380,0.39,100
us_3dep,N39QW113G,COP,canyon_range_point,DTM,FLAT,85.46,-9.02,7.43,0.17,0.16,0.27,0.15,0.32,0.21,0.17,0.17,111093,0.39,99.74
us_3dep,N39QW113H,COP,canyon_range_point,DTM,ALL,100.00,-28.52,26.23,0.13,0.36,0.53,0.19,0.55,0.40,0.31,0.13,130321,0.81,100
us_3dep,N39QW113H,COP,canyon_range_point,DTM,FLAT,100.00,-9.02,7.43,0.18,0.30,0.44,0.22,0.48,0.36,0.27,0.18,114496,0.7,87.86
us_3dep,N39QW113H,COP,canyon_range_point,DTM,STEEP,100.00,-28.52,26.23,-0.27,0.65,0.88,-0.28,0.92,0.70,0.04,0.27,15825,1.45,12.14
us_3dep,N39QW113J,COP,canyon_range_point,DTM,ALL,100.00,-28.52,26.23,-0.07,0.85,1.35,-0.06,1.35,0.85,0.52,0.07,130321,1.97,100
us_3dep,N39QW113J,COP,canyon_range_point,DTM,FLAT,100.00,-13.48,7.96,-0.02,0.49,0.74,-0.01,0.74,0.49,0.17,0.02,51678,1.12,39.65
us_3dep,N39QW113J,COP,canyon_range_point,DTM,STEEP,100.00,-28.52,26.23,-0.10,1.08,1.62,-0.14,1.63,1.09,0.27,0.10,78643,2.47,60.35
us_3dep,N39QW113K,COP,canyon_range_point,DTM,ALL,100.00,-40.39,35.76,0.03,0.63,1.39,0.11,1.39,0.64,0.27,0.03,130321,1.58,100
us_3dep,N39QW113K,COP,canyon_range_point,DTM,FLAT,100.00,-21.90,13.85,0.12,0.30,0.60,0.14,0.61,0.33,0.17,0.12,84632,0.7,64.94
us_3dep,N39QW113K,COP,canyon_range_point,DTM,STEEP,100.00,-40.39,35.76,-0.15,1.21,2.19,-0.12,2.19,1.21,0.09,0.15,45689,2.62,35.06
us_3dep,N39QW113L,COP,canyon_range_point,DTM,ALL,100.00,-40.39,35.76,-0.07,0.87,1.35,0.02,1.35,0.86,0.50,0.07,130321,2.07,100
us_3dep,N39QW113L,COP,canyon_range_point,DTM,FLAT,100.00,-21.90,13.85,0.09,0.42,0.76,0.11,0.77,0.43,0.14,0.09,50278,1.13,38.58
us_3dep,N39QW113L,COP,canyon_range_point,DTM,STEEP,100.00,-40.39,35.76,-0.17,1.12,1.61,-0.22,1.62,1.13,0.24,0.17,80043,2.45,61.42
us_3dep,N39RW113G,COP,canyon_range_point,DTM,ALL,100.00,-40.39,35.76,0.05,0.22,0.48,0.05,0.49,0.23,0.14,0.05,130321,0.41,100
us_3dep,N39RW113G,COP,canyon_range_point,DTM,FLAT,100.00,-21.90,13.85,0.05,0.22,0.47,0.05,0.48,0.22,0.14,0.05,129665,0.41,99.5
us_3dep,N39RW113G,COP,canyon_range_point,DTM,STEEP,100.00,-40.39,35.76,-0.51,1.11,1.45,-0.55,1.53,1.21,0.00,0.51,656,2.5,0.5
us_3dep,N39RW113H,COP,canyon_range_point,DTM,ALL,100.00,-40.39,35.76,0.01,0.50,0.77,0.08,0.77,0.50,0.32,0.01,130321,1.16,100
us_3dep,N39RW113H,COP,canyon_range_point,DTM,FLAT,100.00,-21.90,13.85,0.10,0.37,0.59,0.13,0.60,0.39,0.22,0.10,93837,0.85,72
us_3dep,N39RW113H,COP,canyon_range_point,DTM,STEEP,100.00,-40.39,35.76,-0.22,0.75,1.06,-0.22,1.09,0.77,0.08,0.22,36484,1.64,28
us_3dep,N39RW113J,COP,canyon_range_point,DTM,ALL,100.00,-46.45,35.76,-0.22,1.51,2.54,-0.13,2.55,1.51,0.94,0.22,130321,3.4,100
us_3dep,N39RW113J,COP,canyon_range_point,DTM,FLAT,100.00,-37.03,16.60,-0.17,1.28,2.11,-0.00,2.12,1.26,0.07,0.17,12086,3.18,9.27
us_3dep,N39RW113J,COP,canyon_range_point,DTM,STEEP,100.00,-46.45,35.76,-0.22,1.53,2.58,-0.15,2.59,1.54,0.82,0.22,118235,3.42,90.73
us_3dep,N39RW113K,COP,canyon_range_point,DTM,ALL,100.00,-46.45,35.76,-0.08,0.77,1.72,0.07,1.72,0.75,0.28,0.08,130321,1.86,100
us_3dep,N39RW113K,COP,canyon_range_point,DTM,FLAT,100.00,-37.03,16.60,0.08,0.26,0.48,0.10,0.49,0.28,0.16,0.08,85033,0.54,65.25
us_3dep,N39RW113K,COP,canyon_range_point,DTM,STEEP,100.00,-46.45,35.76,-0.37,1.62,2.82,-0.18,2.85,1.62,0.08,0.37,45288,3.64,34.75
us_3dep,N39RW113L,COP,canyon_range_point,DTM,ALL,100.00,-46.45,35.76,-0.08,0.58,0.96,-0.02,0.96,0.57,0.30,0.08,130321,1.46,100
us_3dep,N39RW113L,COP,canyon_range_point,DTM,FLAT,100.00,-37.03,16.60,-0.01,0.46,0.82,-0.00,0.82,0.46,0.20,0.01,98148,1.14,75.31
us_3dep,N39RW113L,COP,canyon_range_point,DTM,STEEP,100.00,-46.45,35.76,-0.31,0.89,1.27,-0.32,1.30,0.94,0.04,0.31,32173,2.04,24.69
us_3dep,N39PW113H,SRTM,canyon_range_point,DTM,ALL,88.75,-3.85,4.10,1.14,0.44,0.62,1.18,1.30,1.20,1.19,1.14,115664,1.83,100
us_3dep,N39PW113H,SRTM,canyon_range_point,DTM,FLAT,88.75,-3.85,4.10,1.15,0.44,0.61,1.18,1.30,1.20,1.18,1.15,114967,1.83,99.4
us_3dep,N39PW113H,SRTM,canyon_range_point,DTM,STEEP,88.75,-3.60,2.84,-0.33,1.17,1.43,-0.43,1.46,1.21,0.01,0.33,326,2.44,0.28
us_3dep,N39PW113J,SRTM,canyon_range_point,DTM,ALL,87.65,-6.44,5.30,0.65,0.99,1.24,0.97,1.40,1.21,1.19,0.65,114225,2.09,100
us_3dep,N39PW113J,SRTM,canyon_range_point,DTM,FLAT,87.65,-6.44,5.30,0.82,0.87,1.12,1.08,1.39,1.22,1.08,0.82,99755,2.06,87.33
us_3dep,N39PW113J,SRTM,canyon_range_point,DTM,STEEP,87.65,-5.53,5.20,-0.57,1.06,1.34,-0.61,1.46,1.17,0.18,0.57,14101,2.39,12.34
us_3dep,N39PW113K,SRTM,canyon_range_point,DTM,ALL,86.61,-28.19,48.80,1.03,1.97,2.97,0.89,3.14,2.12,1.53,1.03,112868,4.46,100
us_3dep,N39PW113K,SRTM,canyon_range_point,DTM,FLAT,86.61,-8.95,14.28,0.72,1.15,1.50,0.95,1.67,1.37,0.51,0.72,38549,2.55,34.15
us_3dep,N39PW113K,SRTM,canyon_range_point,DTM,STEEP,86.61,-28.19,48.80,1.18,2.41,3.48,0.82,3.68,2.50,0.98,1.18,73952,5.34,65.52
us_3dep,N39PW113L,SRTM,canyon_range_point,DTM,ALL,85.68,-28.19,48.80,0.34,1.85,2.52,0.65,2.55,1.90,1.56,0.34,111659,3.73,100
us_3dep,N39PW113L,SRTM,canyon_range_point,DTM,FLAT,85.68,-10.22,14.28,0.92,1.22,1.62,1.25,1.87,1.58,0.77,0.92,52094,2.84,46.65
us_3dep,N39PW113L,SRTM,canyon_range_point,DTM,STEEP,85.68,-28.19,48.80,-0.19,2.17,3.01,-0.30,3.01,2.19,0.87,0.19,59189,4.59,53.01
us_3dep,N39QW113G,SRTM,canyon_range_point,DTM,ALL,85.46,-28.19,48.80,1.04,0.39,0.59,1.04,1.20,1.06,1.04,1.04,111380,1.62,100
us_3dep,N39QW113G,SRTM,canyon_range_point,DTM,FLAT,85.46,-10.22,14.28,1.04,0.39,0.59,1.04,1.20,1.06,1.04,1.04,111093,1.62,99.74
us_3dep,N39QW113H,SRTM,canyon_range_point,DTM,ALL,100.00,-28.19,48.80,0.67,0.95,1.26,1.03,1.42,1.24,1.21,0.67,130321,2.07,100
us_3dep,N39QW113H,SRTM,canyon_range_point,DTM,FLAT,100.00,-10.22,14.28,0.89,0.75,1.03,1.12,1.36,1.21,1.11,0.89,114496,1.98,87.86
us_3dep,N39QW113H,SRTM,canyon_range_point,DTM,STEEP,100.00,-28.19,48.80,-0.88,1.24,1.58,-0.93,1.81,1.46,0.21,0.88,15825,2.98,12.14
us_3dep,N39QW113J,SRTM,canyon_range_point,DTM,ALL,100.00,-28.19,48.80,0.68,2.09,3.06,0.37,3.14,2.10,1.40,0.68,130321,4.74,100
us_3dep,N39QW113J,SRTM,canyon_range_point,DTM,FLAT,100.00,-19.83,16.12,0.09,1.13,1.48,0.26,1.49,1.14,0.51,0.09,51678,2.3,39.65
us_3dep,N39QW113J,SRTM,canyon_range_point,DTM,STEEP,100.00,-28.19,48.80,1.06,2.73,3.70,0.53,3.85,2.73,0.79,1.06,78643,6.05,60.35
us_3dep,N39QW113K,SRTM,canyon_range_point,DTM,ALL,100.00,-38.57,53.78,1.21,1.40,2.51,1.31,2.79,1.91,1.50,1.21,130321,3.42,100
us_3dep,N39QW113K,SRTM,canyon_range_point,DTM,FLAT,100.00,-24.56,25.75,1.27,0.77,1.21,1.39,1.76,1.55,1.16,1.27,84632,2.53,64.94
us_3dep,N39QW113K,SRTM,canyon_range_point,DTM,STEEP,100.00,-38.57,53.78,1.09,2.53,3.91,0.72,4.05,2.58,0.79,1.09,45689,5.42,35.06
us_3dep,N39QW113L,SRTM,canyon_range_point,DTM,ALL,100.00,-38.57,53.78,0.46,1.88,2.46,0.80,2.50,1.96,1.62,0.46,130321,3.89,100
us_3dep,N39QW113L,SRTM,canyon_range_point,DTM,FLAT,100.00,-24.56,25.75,1.05,1.12,1.60,1.41,1.91,1.67,0.71,1.05,50278,2.78,38.58
us_3dep,N39QW113L,SRTM,canyon_range_point,DTM,STEEP,100.00,-38.57,53.78,0.09,2.14,2.81,-0.08,2.81,2.14,1.08,0.09,80043,4.53,61.42
us_3dep,N39RW113G,SRTM,canyon_range_point,DTM,ALL,100.00,-38.57,53.78,0.75,0.57,1.19,0.84,1.41,0.98,0.88,0.75,130321,1.59,100
us_3dep,N39RW113G,SRTM,canyon_range_point,DTM,FLAT,100.00,-24.56,37.85,0.78,0.55,1.12,0.85,1.37,0.96,0.88,0.78,129665,1.57,99.5
us_3dep,N39RW113G,SRTM,canyon_range_point,DTM,STEEP,100.00,-38.57,53.78,-4.33,2.25,2.83,-3.99,5.17,4.35,0.00,4.33,656,8,0.5
us_3dep,N39RW113H,SRTM,canyon_range_point,DTM,ALL,100.00,-38.57,53.78,0.28,1.23,1.62,0.59,1.64,1.29,1.13,0.28,130321,2.47,100
us_3dep,N39RW113H,SRTM,canyon_range_point,DTM,FLAT,100.00,-24.56,37.85,0.61,0.93,1.25,0.84,1.39,1.16,0.83,0.61,93837,2.12,72
us_3dep,N39RW113H,SRTM,canyon_range_point,DTM,STEEP,100.00,-38.57,53.78,-0.56,1.55,2.09,-0.70,2.16,1.65,0.34,0.56,36484,3.32,28
us_3dep,N39RW113J,SRTM,canyon_range_point,DTM,ALL,100.00,-39.31,107.03,1.42,3.22,4.76,1.12,4.97,3.36,2.41,1.42,130321,7.15,100
us_3dep,N39RW113J,SRTM,canyon_range_point,DTM,FLAT,100.00,-34.17,37.85,-0.07,2.15,2.97,0.48,2.97,2.14,0.20,0.07,12086,4.17,9.27
us_3dep,N39RW113J,SRTM,canyon_range_point,DTM,STEEP,100.00,-39.31,107.03,1.58,3.33,4.88,1.22,5.13,3.49,2.14,1.58,118235,7.37,90.73
us_3dep,N39RW113K,SRTM,canyon_range_point,DTM,ALL,100.00,-39.31,115.41,1.67,1.73,3.51,1.66,3.89,2.39,1.86,1.67,130321,4.22,100
us_3dep,N39RW113K,SRTM,canyon_range_point,DTM,FLAT,100.00,-34.17,37.85,1.65,0.88,1.25,1.74,2.07,1.83,1.39,1.65,85033,3.02,65.25
us_3dep,N39RW113K,SRTM,canyon_range_point,DTM,STEEP,100.00,-39.31,115.41,1.71,3.33,5.70,1.11,5.95,3.44,0.87,1.71,45288,7.18,34.75
us_3dep,N39RW113L,SRTM,canyon_range_point,DTM,ALL,100.00,-39.31,115.41,0.07,1.34,1.86,0.20,1.86,1.35,1.08,0.07,130321,2.81,100
us_3dep,N39RW113L,SRTM,canyon_range_point,DTM,FLAT,100.00,-34.17,37.85,0.33,1.11,1.49,0.41,1.53,1.15,0.77,0.33,98148,2.36,75.31
us_3dep,N39RW113L,SRTM,canyon_range_point,DTM,STEEP,100.00,-39.31,115.41,-0.73,1.87,2.51,-0.67,2.62,1.95,0.17,0.73,32173,4.12,24.69
us_3dep,N39PW113H,ALOS,canyon_range_area,DTM,ALL,88.75,-1.57,16.27,1.10,0.46,0.70,1.04,1.31,1.12,1.04,1.10,116213,1.82,100
us_3dep,N39PW113H,ALOS,canyon_range_area,DTM,FLAT,88.75,-1.57,16.27,1.11,0.46,0.70,1.04,1.31,1.12,1.04,1.11,115505,1.82,99.39
us_3dep,N39PW113H,ALOS,canyon_range_area,DTM,STEEP,88.75,-1.17,1.78,0.14,0.36,0.46,0.13,0.48,0.38,0.01,0.14,339,0.77,0.29
us_3dep,N39PW113J,ALOS,canyon_range_area,DTM,ALL,87.65,-3.23,16.27,0.68,0.57,0.74,0.67,1.01,0.80,0.71,0.68,114762,1.55,100
us_3dep,N39PW113J,ALOS,canyon_range_area,DTM,FLAT,87.65,-3.23,16.27,0.76,0.56,0.73,0.77,1.05,0.86,0.60,0.76,100080,1.59,87.21
us_3dep,N39PW113J,ALOS,canyon_range_area,DTM,STEEP,87.65,-3.06,2.93,0.12,0.39,0.52,0.12,0.53,0.41,0.08,0.12,14313,0.86,12.47
us_3dep,N39PW113K,ALOS,canyon_range_area,DTM,ALL,86.61,-12.00,16.27,0.38,0.71,1.11,0.34,1.17,0.77,0.53,0.38,113433,1.69,100
us_3dep,N39PW113K,ALOS,canyon_range_area,DTM,FLAT,86.61,-6.37,16.27,0.31,0.42,0.57,0.35,0.65,0.51,0.17,0.31,38955,0.99,34.34
us_3dep,N39PW113K,ALOS,canyon_range_area,DTM,STEEP,86.61,-12.00,13.43,0.40,0.85,1.28,0.32,1.34,0.90,0.33,0.40,74109,2.05,65.33
us_3dep,N39PW113L,ALOS,canyon_range_area,DTM,ALL,85.68,-12.40,17.72,0.43,0.70,1.03,0.43,1.12,0.79,0.61,0.43,112188,1.62,100
us_3dep,N39PW113L,ALOS,canyon_range_area,DTM,FLAT,85.68,-7.02,16.27,0.61,0.57,0.78,0.61,0.99,0.79,0.27,0.61,52195,1.54,46.52
us_3dep,N39PW113L,ALOS,canyon_range_area,DTM,STEEP,85.68,-12.40,17.72,0.26,0.76,1.16,0.24,1.19,0.79,0.31,0.26,59626,1.71,53.15
us_3dep,N39QW113G,ALOS,canyon_range_area,DTM,ALL,85.46,-12.40,17.72,0.75,0.28,0.39,0.76,0.84,0.76,0.76,0.75,111480,1.15,100
us_3dep,N39QW113G,ALOS,canyon_range_area,DTM,FLAT,85.46,-7.02,16.27,0.75,0.28,0.39,0.76,0.84,0.76,0.76,0.75,111194,1.15,99.74
us_3dep,N39QW113H,ALOS,canyon_range_area,DTM,ALL,100.00,-12.40,17.72,0.75,0.56,0.71,0.81,1.03,0.87,0.84,0.75,130321,1.56,100
us_3dep,N39QW113H,ALOS,canyon_range_area,DTM,FLAT,100.00,-7.02,16.27,0.84,0.52,0.67,0.89,1.07,0.91,0.74,0.84,114413,1.59,87.79
us_3dep,N39QW113H,ALOS,canyon_range_area,DTM,STEEP,100.00,-12.40,17.72,0.09,0.53,0.69,0.09,0.69,0.53,0.10,0.09,15908,1.11,12.21
us_3dep,N39QW113J,ALOS,canyon_range_area,DTM,ALL,100.00,-12.40,17.72,0.31,0.64,0.93,0.28,0.98,0.69,0.50,0.31,130321,1.47,100
us_3dep,N39QW113J,ALOS,canyon_range_area,DTM,FLAT,100.00,-9.03,16.27,0.24,0.45,0.60,0.26,0.65,0.50,0.18,0.24,51387,1.02,39.43
us_3dep,N39QW113J,ALOS,canyon_range_area,DTM,STEEP,100.00,-12.40,17.72,0.35,0.77,1.10,0.31,1.15,0.81,0.28,0.35,78934,1.78,60.57
us_3dep,N39QW113K,ALOS,canyon_range_area,DTM,ALL,100.00,-18.78,22.15,0.69,0.63,0.96,0.80,1.18,0.92,0.85,0.69,130321,1.62,100
us_3dep,N39QW113K,ALOS,canyon_range_area,DTM,FLAT,100.00,-9.03,16.27,0.91,0.45,0.64,0.95,1.11,0.98,0.58,0.91,84602,1.61,64.92
us_3dep,N39QW113K,ALOS,canyon_range_area,DTM,STEEP,100.00,-18.78,22.15,0.28,0.75,1.28,0.28,1.31,0.80,0.31,0.28,45719,1.64,35.08
us_3dep,N39QW113L,ALOS,canyon_range_area,DTM,ALL,100.00,-18.78,22.15,0.48,0.65,0.86,0.51,0.99,0.78,0.66,0.48,130321,1.53,100
us_3dep,N39QW113L,ALOS,canyon_range_area,DTM,FLAT,100.00,-9.03,16.27,0.71,0.51,0.69,0.78,0.99,0.85,0.25,0.71,50449,1.49,38.71
us_3dep,N39QW113L,ALOS,canyon_range_area,DTM,STEEP,100.00,-18.78,22.15,0.34,0.69,0.93,0.30,0.99,0.73,0.39,0.34,79872,1.57,61.29
us_3dep,N39RW113G,ALOS,canyon_range_area,DTM,ALL,100.00,-18.78,22.15,0.49,0.34,0.64,0.51,0.81,0.58,0.53,0.49,130321,0.97,100
us_3dep,N39RW113G,ALOS,canyon_range_area,DTM,FLAT,100.00,-9.03,19.23,0.50,0.34,0.62,0.51,0.80,0.58,0.53,0.50,129655,0.97,99.49
us_3dep,N39RW113G,ALOS,canyon_range_area,DTM,STEEP,100.00,-18.78,22.15,-1.01,1.07,1.45,-0.60,1.77,1.17,0.00,1.01,666,2.85,0.51
us_3dep,N39RW113H,ALOS,canyon_range_area,DTM,ALL,100.00,-18.78,22.15,0.49,0.57,0.76,0.50,0.90,0.71,0.61,0.49,130321,1.42,100
us_3dep,N39RW113H,ALOS,canyon_range_area,DTM,FLAT,100.00,-9.03,19.23,0.57,0.52,0.70,0.58,0.90,0.73,0.43,0.57,94029,1.41,72.15
us_3dep,N39RW113H,ALOS,canyon_range_area,DTM,STEEP,100.00,-18.78,22.15,0.25,0.64,0.86,0.23,0.89,0.67,0.16,0.25,36292,1.44,27.85
us_3dep,N39RW113J,ALOS,canyon_range_area,DTM,ALL,100.00,-47.69,23.74,0.46,1.09,1.67,0.47,1.73,1.18,0.84,0.46,130321,2.55,100
us_3dep,N39RW113J,ALOS,canyon_range_area,DTM,FLAT,100.00,-34.07,19.23,0.39,0.90,1.33,0.54,1.39,1.00,0.07,0.39,12210,1.91,9.37
us_3dep,N39RW113J,ALOS,canyon_range_area,DTM,STEEP,100.00,-47.69,23.74,0.46,1.12,1.70,0.46,1.76,1.20,0.75,0.46,118111,2.61,90.63
us_3dep,N39RW113K,ALOS,canyon_range_area,DTM,ALL,100.00,-47.69,23.74,0.67,0.73,1.32,0.80,1.48,1.01,0.89,0.67,130321,1.77,100
us_3dep,N39RW113K,ALOS,canyon_range_area,DTM,FLAT,100.00,-34.07,19.23,0.89,0.47,0.62,0.94,1.08,0.94,0.60,0.89,84850,1.6,65.11
us_3dep,N39RW113K,ALOS,canyon_range_area,DTM,STEEP,100.00,-47.69,23.74,0.26,1.09,2.00,0.32,2.02,1.13,0.32,0.26,45471,2.39,34.89
us_3dep,N39RW113L,ALOS,canyon_range_area,DTM,ALL,100.00,-47.69,23.74,0.32,0.56,0.77,0.32,0.83,0.63,0.50,0.32,130321,1.29,100
us_3dep,N39RW113L,ALOS,canyon_range_area,DTM,FLAT,100.00,-34.07,19.23,0.38,0.54,0.72,0.38,0.82,0.62,0.36,0.38,98553,1.27,75.62
us_3dep,N39RW113L,ALOS,canyon_range_area,DTM,STEEP,100.00,-47.69,23.74,0.13,0.62,0.88,0.14,0.89,0.64,0.11,0.13,31759,1.37,24.37
us_3dep,N39PW113H,NASA,canyon_range_point,DTM,ALL,88.75,-4.08,4.64,1.15,0.44,0.62,1.19,1.31,1.21,1.19,1.15,115664,1.84,100
us_3dep,N39PW113H,NASA,canyon_range_point,DTM,FLAT,88.75,-3.73,4.64,1.15,0.44,0.62,1.19,1.31,1.21,1.19,1.15,114967,1.83,99.4
us_3dep,N39PW113H,NASA,canyon_range_point,DTM,STEEP,88.75,-4.08,2.84,-0.34,1.06,1.33,-0.28,1.37,1.09,0.01,0.34,326,2.19,0.28
us_3dep,N39PW113J,NASA,canyon_range_point,DTM,ALL,87.65,-6.33,5.24,0.55,1.03,1.28,0.90,1.39,1.20,1.18,0.55,114225,2.08,100
us_3dep,N39PW113J,NASA,canyon_range_point,DTM,FLAT,87.65,-6.33,5.24,0.71,0.91,1.16,1.01,1.36,1.19,1.07,0.71,99755,2.03,87.33
us_3dep,N39PW113J,NASA,canyon_range_point,DTM,STEEP,87.65,-6.15,5.23,-0.65,1.10,1.40,-0.70,1.54,1.24,0.18,0.65,14101,2.51,12.34
us_3dep,N39PW113K,NASA,canyon_range_point,DTM,ALL,86.61,-26.45,51.10,0.82,1.93,2.83,0.72,2.95,2.03,1.44,0.82,112868,4.38,100
us_3dep,N39PW113K,NASA,canyon_range_point,DTM,FLAT,86.61,-11.96,9.81,0.45,1.12,1.46,0.68,1.53,1.23,0.48,0.45,38549,2.33,34.15
us_3dep,N39PW113K,NASA,canyon_range_point,DTM,STEEP,86.61,-26.45,51.10,1.00,2.35,3.31,0.76,3.46,2.43,0.93,1.00,73952,5.18,65.52
us_3dep,N39PW113L,NASA,canyon_range_point,DTM,ALL,85.68,-26.45,51.10,0.17,1.83,2.49,0.50,2.50,1.86,1.49,0.17,111659,3.73,100
us_3dep,N39PW113L,NASA,canyon_range_point,DTM,FLAT,85.68,-11.96,9.81,0.70,1.21,1.60,1.06,1.75,1.46,0.74,0.70,52094,2.6,46.65
us_3dep,N39PW113L,NASA,canyon_range_point,DTM,STEEP,85.68,-26.45,51.10,-0.30,2.18,2.99,-0.36,3.01,2.20,0.83,0.30,59189,4.63,53.01
us_3dep,N39QW113G,NASA,canyon_range_point,DTM,ALL,85.46,-26.45,51.10,1.04,0.39,0.56,1.04,1.19,1.06,1.04,1.04,111380,1.64,100
us_3dep,N39QW113G,NASA,canyon_range_point,DTM,FLAT,85.46,-11.96,9.82,1.04,0.39,0.56,1.04,1.19,1.06,1.04,1.04,111093,1.64,99.74
us_3dep,N39QW113H,NASA,canyon_range_point,DTM,ALL,100.00,-26.45,51.10,0.60,1.00,1.31,0.99,1.44,1.24,1.21,0.60,130321,2.09,100
us_3dep,N39QW113H,NASA,canyon_range_point,DTM,FLAT,100.00,-11.96,9.82,0.81,0.81,1.10,1.09,1.37,1.20,1.11,0.81,114496,1.98,87.86
us_3dep,N39QW113H,NASA,canyon_range_point,DTM,STEEP,100.00,-26.45,51.10,-0.96,1.27,1.62,-1.00,1.88,1.52,0.20,0.96,15825,3.05,12.14
us_3dep,N39QW113J,NASA,canyon_range_point,DTM,ALL,100.00,-31.36,51.10,0.46,2.05,2.98,0.21,3.01,2.05,1.37,0.46,130321,4.6,100
us_3dep,N39QW113J,NASA,canyon_range_point,DTM,FLAT,100.00,-16.64,12.44,-0.11,1.13,1.47,0.07,1.48,1.12,0.50,0.11,51678,2.31,39.65
us_3dep,N39QW113J,NASA,canyon_range_point,DTM,STEEP,100.00,-31.36,51.10,0.83,2.66,3.59,0.41,3.69,2.66,0.77,0.83,78643,5.82,60.35
us_3dep,N39QW113K,NASA,canyon_range_point,DTM,ALL,100.00,-31.36,51.10,1.10,1.37,2.27,1.26,2.52,1.83,1.47,1.10,130321,3.32,100
us_3dep,N39QW113K,NASA,canyon_range_point,DTM,FLAT,100.00,-17.38,12.44,1.17,0.77,1.19,1.34,1.67,1.47,1.12,1.17,84632,2.35,64.94
us_3dep,N39QW113K,NASA,canyon_range_point,DTM,STEEP,100.00,-31.36,51.10,0.97,2.43,3.46,0.68,3.60,2.49,0.75,0.97,45689,5.34,35.06
us_3dep,N39QW113L,NASA,canyon_range_point,DTM,ALL,100.00,-31.36,51.10,0.37,1.85,2.43,0.72,2.46,1.92,1.57,0.37,130321,3.86,100
us_3dep,N39QW113L,NASA,canyon_range_point,DTM,FLAT,100.00,-17.38,12.44,0.91,1.13,1.60,1.30,1.84,1.58,0.69,0.91,50278,2.64,38.58
us_3dep,N39QW113L,NASA,canyon_range_point,DTM,STEEP,100.00,-31.36,51.10,0.04,2.13,2.78,-0.11,2.78,2.12,1.04,0.04,80043,4.48,61.42
us_3dep,N39RW113G,NASA,canyon_range_point,DTM,ALL,100.00,-31.36,51.10,0.75,0.58,1.11,0.85,1.34,0.98,0.89,0.75,130321,1.61,100
us_3dep,N39RW113G,NASA,canyon_range_point,DTM,FLAT,100.00,-17.38,26.87,0.78,0.55,1.03,0.85,1.29,0.97,0.89,0.78,129665,1.59,99.5
us_3dep,N39RW113G,NASA,canyon_range_point,DTM,STEEP,100.00,-31.36,51.10,-4.64,2.25,2.80,-4.43,5.42,4.67,0.00,4.64,656,8.31,0.5
us_3dep,N39RW113H,NASA,canyon_range_point,DTM,ALL,100.00,-31.36,51.10,0.21,1.23,1.61,0.54,1.62,1.28,1.11,0.21,130321,2.46,100
us_3dep,N39RW113H,NASA,canyon_range_point,DTM,FLAT,100.00,-17.38,26.87,0.52,0.94,1.26,0.78,1.37,1.13,0.82,0.52,93837,2.07,72
us_3dep,N39RW113H,NASA,canyon_range_point,DTM,STEEP,100.00,-31.36,51.10,-0.60,1.56,2.06,-0.72,2.14,1.67,0.34,0.60,36484,3.35,28
us_3dep,N39RW113J,NASA,canyon_range_point,DTM,ALL,100.00,-42.71,95.27,1.16,3.12,4.53,0.98,4.68,3.23,2.35,1.16,130321,6.93,100
us_3dep,N39RW113J,NASA,canyon_range_point,DTM,FLAT,100.00,-42.71,34.83,-0.30,2.08,2.89,0.24,2.90,2.04,0.20,0.30,12086,4.14,9.27
us_3dep,N39RW113J,NASA,canyon_range_point,DTM,STEEP,100.00,-40.40,95.27,1.30,3.22,4.64,1.09,4.82,3.35,2.09,1.30,118235,7.12,90.73
us_3dep,N39RW113K,NASA,canyon_range_point,DTM,ALL,100.00,-42.71,95.27,1.38,1.61,2.78,1.47,3.11,2.17,1.68,1.38,130321,4.06,100
us_3dep,N39RW113K,NASA,canyon_range_point,DTM,FLAT,100.00,-42.71,34.83,1.40,0.81,1.17,1.53,1.82,1.61,1.27,1.40,85033,2.63,65.25
us_3dep,N39RW113K,NASA,canyon_range_point,DTM,STEEP,100.00,-40.40,95.27,1.34,3.09,4.44,1.02,4.64,3.22,0.80,1.34,45288,7.02,34.75
us_3dep,N39RW113L,NASA,canyon_range_point,DTM,ALL,100.00,-42.71,95.27,-0.03,1.34,1.86,0.12,1.86,1.34,1.06,0.03,130321,2.78,100
us_3dep,N39RW113L,NASA,canyon_range_point,DTM,FLAT,100.00,-42.71,34.83,0.21,1.10,1.49,0.30,1.50,1.12,0.76,0.21,98148,2.28,75.31
us_3dep,N39RW113L,NASA,canyon_range_point,DTM,STEEP,100.00,-40.40,95.27,-0.75,1.91,2.58,-0.68,2.68,1.99,0.17,0.75,32173,4.18,24.69
us_3dep,N39PW113H,ASTER,canyon_range_point,DTM,ALL,88.75,-3.96,25.40,2.70,1.06,1.83,2.35,3.26,2.71,2.35,2.70,115664,4.2,100
us_3dep,N39PW113H,ASTER,canyon_range_point,DTM,FLAT,88.75,-3.73,25.40,2.70,1.06,1.83,2.35,3.26,2.72,2.34,2.70,114967,4.2,99.4
us_3dep,N39PW113H,ASTER,canyon_range_point,DTM,STEEP,88.75,-3.96,6.10,0.39,1.63,1.96,0.47,2.00,1.67,0.06,0.39,326,3.19,0.28
us_3dep,N39PW113J,ASTER,canyon_range_point,DTM,ALL,87.65,-8.08,25.40,2.00,1.30,1.80,2.07,2.69,2.28,2.12,2.00,114225,3.95,100
us_3dep,N39PW113J,ASTER,canyon_range_point,DTM,FLAT,87.65,-8.08,25.40,2.18,1.18,1.66,2.18,2.74,2.35,1.95,2.18,99755,3.97,87.33
us_3dep,N39PW113J,ASTER,canyon_range_point,DTM,STEEP,87.65,-7.86,13.13,0.69,1.68,2.17,0.50,2.27,1.72,0.36,0.69,14101,3.7,12.34
us_3dep,N39PW113K,ASTER,canyon_range_point,DTM,ALL,86.61,-27.13,25.40,1.65,2.44,3.41,1.68,3.79,2.86,2.25,1.65,112868,6.08,100
us_3dep,N39PW113K,ASTER,canyon_range_point,DTM,FLAT,86.61,-15.02,25.40,1.51,1.42,1.94,1.74,2.46,2.05,0.78,1.51,38549,3.76,34.15
us_3dep,N39PW113K,ASTER,canyon_range_point,DTM,STEEP,86.61,-27.13,21.12,1.72,2.97,3.95,1.60,4.31,3.28,1.48,1.72,73952,7.02,65.52
us_3dep,N39PW113L,ASTER,canyon_range_point,DTM,ALL,85.68,-33.00,25.40,1.56,2.51,3.47,1.90,3.81,2.96,2.48,1.56,111659,5.83,100
us_3dep,N39PW113L,ASTER,canyon_range_point,DTM,FLAT,85.68,-15.02,25.40,2.22,1.65,2.38,2.39,3.26,2.73,1.25,2.22,52094,4.73,46.65
us_3dep,N39PW113L,ASTER,canyon_range_point,DTM,STEEP,85.68,-33.00,22.07,0.98,3.06,4.12,0.89,4.23,3.16,1.41,0.98,59189,6.79,53.01
us_3dep,N39QW113G,ASTER,canyon_range_point,DTM,ALL,85.46,-33.00,25.40,3.37,1.06,1.43,3.18,3.66,3.37,3.18,3.37,111380,5.09,100
us_3dep,N39QW113G,ASTER,canyon_range_point,DTM,FLAT,85.46,-15.02,25.40,3.37,1.06,1.43,3.18,3.66,3.37,3.18,3.37,111093,5.09,99.74
us_3dep,N39QW113H,ASTER,canyon_range_point,DTM,ALL,100.00,-33.00,25.40,2.01,1.26,1.79,2.22,2.69,2.38,2.30,2.01,130321,3.88,100
us_3dep,N39QW113H,ASTER,canyon_range_point,DTM,FLAT,100.00,-15.02,25.40,2.24,1.06,1.53,2.31,2.71,2.43,2.14,2.24,114496,3.85,87.86
us_3dep,N39QW113H,ASTER,canyon_range_point,DTM,STEEP,100.00,-33.00,22.07,0.30,1.97,2.50,0.20,2.52,1.97,0.49,0.30,15825,4.08,12.14
us_3dep,N39QW113J,ASTER,canyon_range_point,DTM,ALL,100.00,-34.88,43.80,0.97,2.47,3.44,1.05,3.57,2.63,2.04,0.97,130321,5.49,100
us_3dep,N39QW113J,ASTER,canyon_range_point,DTM,FLAT,100.00,-21.34,25.40,1.23,1.70,2.28,1.40,2.59,2.07,0.79,1.23,51678,4.06,39.65
us_3dep,N39QW113J,ASTER,canyon_range_point,DTM,STEEP,100.00,-34.88,43.80,0.80,2.95,4.01,0.65,4.09,3.00,1.20,0.80,78643,6.47,60.35
us_3dep,N39QW113K,ASTER,canyon_range_point,DTM,ALL,100.00,-57.25,67.34,1.97,1.84,3.05,2.18,3.63,2.80,2.37,1.97,130321,4.96,100
us_3dep,N39QW113K,ASTER,canyon_range_point,DTM,FLAT,100.00,-21.34,54.82,2.31,1.08,1.75,2.31,2.90,2.54,1.86,2.31,84632,4.03,64.94
us_3dep,N39QW113K,ASTER,canyon_range_point,DTM,STEEP,100.00,-57.25,67.34,1.33,3.08,4.49,1.27,4.68,3.27,1.27,1.33,45689,6.95,35.06
us_3dep,N39QW113L,ASTER,canyon_range_point,DTM,ALL,100.00,-57.25,67.34,1.88,2.52,3.55,1.97,4.01,3.07,2.45,1.88,130321,6.2,100
us_3dep,N39QW113L,ASTER,canyon_range_point,DTM,FLAT,100.00,-21.34,54.82,2.23,1.60,2.69,2.28,3.49,2.79,1.13,2.23,50278,4.76,38.58
us_3dep,N39QW113L,ASTER,canyon_range_point,DTM,STEEP,100.00,-57.25,67.34,1.66,3.04,3.98,1.37,4.31,3.25,1.67,1.66,80043,6.96,61.42
us_3dep,N39RW113G,ASTER,canyon_range_point,DTM,ALL,100.00,-57.25,67.34,2.79,1.11,1.82,2.69,3.33,2.91,2.71,2.79,130321,4.53,100
us_3dep,N39RW113G,ASTER,canyon_range_point,DTM,FLAT,100.00,-21.34,54.82,2.81,1.09,1.76,2.70,3.32,2.90,2.71,2.81,129665,4.51,99.5
us_3dep,N39RW113G,ASTER,canyon_range_point,DTM,STEEP,100.00,-57.25,67.34,-2.29,3.43,4.24,-2.35,4.81,3.92,0.00,2.29,656,7.86,0.5
us_3dep,N39RW113H,ASTER,canyon_range_point,DTM,ALL,100.00,-57.25,67.34,1.56,1.72,2.34,1.90,2.82,2.35,2.16,1.56,130321,4.21,100
us_3dep,N39RW113H,ASTER,canyon_range_point,DTM,FLAT,100.00,-21.34,54.82,2.08,1.30,1.86,2.19,2.79,2.42,1.71,2.08,93837,4.09,72
us_3dep,N39RW113H,ASTER,canyon_range_point,DTM,STEEP,100.00,-57.25,67.34,0.25,2.19,2.88,0.11,2.89,2.18,0.78,0.25,36484,4.65,28
us_3dep,N39RW113J,ASTER,canyon_range_point,DTM,ALL,100.00,-57.25,79.63,0.77,3.63,5.08,0.96,5.14,3.71,2.80,0.77,130321,7.92,100
us_3dep,N39RW113J,ASTER,canyon_range_point,DTM,FLAT,100.00,-35.89,71.52,0.65,2.89,4.19,1.35,4.24,3.04,0.24,0.65,12086,5.95,9.27
us_3dep,N39RW113J,ASTER,canyon_range_point,DTM,STEEP,100.00,-57.25,79.63,0.78,3.70,5.16,0.91,5.22,3.78,2.49,0.78,118235,8.07,90.73
us_3dep,N39RW113K,ASTER,canyon_range_point,DTM,ALL,100.00,-57.25,79.63,2.02,2.00,3.45,2.19,4.00,2.98,2.41,2.02,130321,5.45,100
us_3dep,N39RW113K,ASTER,canyon_range_point,DTM,FLAT,100.00,-35.89,71.52,2.31,1.00,1.51,2.29,2.76,2.45,1.88,2.31,85033,3.89,65.25
us_3dep,N39RW113K,ASTER,canyon_range_point,DTM,STEEP,100.00,-57.25,79.63,1.47,3.78,5.43,1.37,5.62,3.98,1.29,1.47,45288,8.56,34.75
us_3dep,N39RW113L,ASTER,canyon_range_point,DTM,ALL,100.00,-57.25,79.63,1.16,1.94,2.70,1.27,2.94,2.19,1.81,1.16,130321,4.44,100
us_3dep,N39RW113L,ASTER,canyon_range_point,DTM,FLAT,100.00,-35.89,71.52,1.41,1.65,2.30,1.47,2.70,2.04,1.34,1.41,98148,4.01,75.31
us_3dep,N39RW113L,ASTER,canyon_range_point,DTM,STEEP,100.00,-57.25,79.63,0.41,2.66,3.54,0.29,3.56,2.67,0.31,0.41,32173,5.79,24.69
us_3dep,N39PW113H,FABDEM,canyon_range_point,DTM,ALL,88.75,-4.38,2.34,-0.22,0.21,0.32,-0.14,0.39,0.25,0.15,0.22,115664,0.59,100
us_3dep,N39PW113H,FABDEM,canyon_range_point,DTM,FLAT,88.75,-4.38,2.34,-0.22,0.21,0.32,-0.14,0.39,0.25,0.15,0.22,114967,0.58,99.4
us_3dep,N39PW113H,FABDEM,canyon_range_point,DTM,STEEP,88.75,-2.00,2.24,0.07,0.55,0.69,0.03,0.70,0.55,0.00,0.07,326,1.13,0.28
us_3dep,N39PW113J,FABDEM,canyon_range_point,DTM,ALL,87.65,-4.67,5.69,-0.06,0.33,0.50,-0.03,0.50,0.33,0.20,0.06,114225,0.78,100
us_3dep,N39PW113J,FABDEM,canyon_range_point,DTM,FLAT,87.65,-4.38,3.47,-0.07,0.29,0.43,-0.03,0.44,0.29,0.16,0.07,99755,0.7,87.33
us_3dep,N39PW113J,FABDEM,canyon_range_point,DTM,STEEP,87.65,-4.67,5.02,-0.05,0.57,0.79,-0.12,0.79,0.57,0.02,0.05,14101,1.19,12.34
us_3dep,N39PW113K,FABDEM,canyon_range_point,DTM,ALL,86.61,-23.12,19.22,0.01,1.10,1.72,-0.02,1.72,1.10,0.67,0.01,112868,2.6,100
us_3dep,N39PW113K,FABDEM,canyon_range_point,DTM,FLAT,86.61,-8.90,8.67,-0.03,0.61,0.92,-0.00,0.92,0.61,0.18,0.03,38549,1.41,34.15
us_3dep,N39PW113K,FABDEM,canyon_range_point,DTM,STEEP,86.61,-23.12,19.22,0.02,1.35,2.01,-0.04,2.01,1.35,0.38,0.02,73952,3.09,65.52
us_3dep,N39PW113L,FABDEM,canyon_range_point,DTM,ALL,85.68,-23.30,32.12,-0.06,1.01,1.73,0.01,1.73,1.01,0.56,0.06,111659,2.4,100
us_3dep,N39PW113L,FABDEM,canyon_range_point,DTM,FLAT,85.68,-8.90,9.17,0.07,0.51,0.85,0.06,0.86,0.52,0.18,0.07,52094,1.3,46.65
us_3dep,N39PW113L,FABDEM,canyon_range_point,DTM,STEEP,85.68,-23.30,32.12,-0.17,1.43,2.22,-0.19,2.23,1.44,0.21,0.17,59189,3.12,53.01
us_3dep,N39QW113G,FABDEM,canyon_range_point,DTM,ALL,85.46,-23.30,32.12,-0.26,0.18,0.32,-0.24,0.42,0.30,0.24,0.26,111380,0.57,100
us_3dep,N39QW113G,FABDEM,canyon_range_point,DTM,FLAT,85.46,-8.90,9.17,-0.26,0.18,0.32,-0.24,0.42,0.30,0.24,0.26,111093,0.57,99.74
us_3dep,N39QW113H,FABDEM,canyon_range_point,DTM,ALL,100.00,-23.30,32.12,-0.04,0.34,0.53,-0.01,0.53,0.34,0.20,0.04,130321,0.84,100
us_3dep,N39QW113H,FABDEM,canyon_range_point,DTM,FLAT,100.00,-8.90,9.17,-0.02,0.29,0.44,0.00,0.44,0.29,0.17,0.02,114496,0.69,87.86
us_3dep,N39QW113H,FABDEM,canyon_range_point,DTM,STEEP,100.00,-23.30,32.12,-0.21,0.69,0.92,-0.24,0.95,0.72,0.02,0.21,15825,1.5,12.14
us_3dep,N39QW113J,FABDEM,canyon_range_point,DTM,ALL,100.00,-23.30,32.12,-0.01,0.95,1.46,-0.08,1.46,0.95,0.61,0.01,130321,2.18,100
us_3dep,N39QW113J,FABDEM,canyon_range_point,DTM,FLAT,100.00,-13.95,9.17,-0.08,0.57,0.84,-0.11,0.84,0.58,0.21,0.08,51678,1.31,39.65
us_3dep,N39QW113J,FABDEM,canyon_range_point,DTM,STEEP,100.00,-23.30,32.12,0.04,1.20,1.74,-0.03,1.74,1.20,0.33,0.04,78643,2.69,60.35
us_3dep,N39QW113K,FABDEM,canyon_range_point,DTM,ALL,100.00,-40.68,34.00,-0.04,0.66,1.42,-0.05,1.43,0.66,0.25,0.04,130321,1.69,100
us_3dep,N39QW113K,FABDEM,canyon_range_point,DTM,FLAT,100.00,-21.56,13.63,-0.05,0.31,0.62,-0.05,0.62,0.32,0.13,0.05,84632,0.76,64.94
us_3dep,N39QW113K,FABDEM,canyon_range_point,DTM,STEEP,100.00,-40.68,34.00,-0.02,1.30,2.25,-0.02,2.25,1.30,0.06,0.02,45689,2.83,35.06
us_3dep,N39QW113L,FABDEM,canyon_range_point,DTM,ALL,100.00,-40.68,34.00,-0.03,0.95,1.50,-0.03,1.50,0.95,0.54,0.03,130321,2.34,100
us_3dep,N39QW113L,FABDEM,canyon_range_point,DTM,FLAT,100.00,-21.56,13.63,0.02,0.44,0.82,0.00,0.82,0.44,0.12,0.02,50278,1.19,38.58
us_3dep,N39QW113L,FABDEM,canyon_range_point,DTM,STEEP,100.00,-40.68,34.00,-0.06,1.27,1.80,-0.14,1.80,1.27,0.23,0.06,80043,2.77,61.42
us_3dep,N39RW113G,FABDEM,canyon_range_point,DTM,ALL,100.00,-40.68,34.00,-0.41,0.31,0.60,-0.40,0.73,0.52,0.42,0.41,130321,0.92,100
us_3dep,N39RW113G,FABDEM,canyon_range_point,DTM,FLAT,100.00,-21.56,13.63,-0.42,0.30,0.57,-0.41,0.71,0.51,0.42,0.42,129665,0.92,99.5
us_3dep,N39RW113G,FABDEM,canyon_range_point,DTM,STEEP,100.00,-40.68,34.00,1.03,1.37,1.97,1.00,2.22,1.66,0.00,1.03,656,3.31,0.5
us_3dep,N39RW113H,FABDEM,canyon_range_point,DTM,ALL,100.00,-40.68,34.00,-0.16,0.54,0.81,-0.10,0.83,0.55,0.36,0.16,130321,1.25,100
us_3dep,N39RW113H,FABDEM,canyon_range_point,DTM,FLAT,100.00,-21.56,13.63,-0.16,0.45,0.67,-0.08,0.69,0.45,0.23,0.16,93837,1.02,72
us_3dep,N39RW113H,FABDEM,canyon_range_point,DTM,STEEP,100.00,-40.68,34.00,-0.17,0.77,1.09,-0.18,1.10,0.79,0.08,0.17,36484,1.66,28
us_3dep,N39RW113J,FABDEM,canyon_range_point,DTM,ALL,100.00,-46.44,34.00,-0.13,1.57,2.62,-0.07,2.62,1.57,0.98,0.13,130321,3.54,100
us_3dep,N39RW113J,FABDEM,canyon_range_point,DTM,FLAT,100.00,-36.98,20.07,-0.14,1.33,2.22,-0.00,2.23,1.32,0.07,0.14,12086,3.34,9.27
us_3dep,N39RW113J,FABDEM,canyon_range_point,DTM,STEEP,100.00,-46.44,34.00,-0.13,1.59,2.66,-0.08,2.66,1.60,0.86,0.13,118235,3.56,90.73
us_3dep,N39RW113K,FABDEM,canyon_range_point,DTM,ALL,100.00,-46.44,34.00,-0.10,0.77,1.76,0.01,1.76,0.75,0.24,0.10,130321,1.91,100
us_3dep,N39RW113K,FABDEM,canyon_range_point,DTM,FLAT,100.00,-36.98,20.07,-0.01,0.27,0.50,0.02,0.51,0.27,0.13,0.01,85033,0.6,65.25
us_3dep,N39RW113K,FABDEM,canyon_range_point,DTM,STEEP,100.00,-46.44,34.00,-0.27,1.67,2.90,-0.10,2.91,1.66,0.07,0.27,45288,3.72,34.75
us_3dep,N39RW113L,FABDEM,canyon_range_point,DTM,ALL,100.00,-46.44,34.00,-0.09,0.67,1.09,-0.11,1.09,0.68,0.41,0.09,130321,1.59,100
us_3dep,N39RW113L,FABDEM,canyon_range_point,DTM,FLAT,100.00,-36.98,20.07,-0.07,0.57,0.98,-0.10,0.98,0.58,0.27,0.07,98148,1.33,75.31
us_3dep,N39RW113L,FABDEM,canyon_range_point,DTM,STEEP,100.00,-46.44,34.00,-0.16,0.97,1.37,-0.19,1.38,0.98,0.05,0.16,32173,2.11,24.69
italy,N46PE010J,COP,md_italy_1sec_point,DSM,ALL,100.00,-44.39,30.86,-2.47,3.51,4.76,-1.99,5.37,3.93,2.92,2.47,130321,8.66,100
italy,N46PE010J,COP,md_italy_1sec_point,DSM,FLAT,100.00,-27.00,27.44,-0.93,2.46,3.85,-0.51,3.96,2.48,0.23,0.93,13037,6.4,10
italy,N46PE010J,COP,md_italy_1sec_point,DSM,STEEP,100.00,-44.39,30.86,-2.65,3.57,4.82,-2.26,5.50,4.09,2.52,2.65,117284,8.82,90
italy,N46PE010J,SRTM,md_italy_1sec_point,DSM,ALL,100.00,-45.24,76.29,-2.18,4.38,6.13,-2.40,6.50,4.87,3.86,2.18,130321,10.07,100
italy,N46PE010J,SRTM,md_italy_1sec_point,DSM,FLAT,100.00,-24.44,29.43,-2.30,2.92,4.17,-1.66,4.77,3.32,0.35,2.30,13037,7.96,10
italy,N46PE010J,SRTM,md_italy_1sec_point,DSM,STEEP,100.00,-45.24,76.29,-2.16,4.54,6.31,-2.55,6.67,5.04,3.40,2.16,117284,10.24,90
italy,N46PE010J,ALOS,md_italy_1sec_area,DSM,ALL,100.00,-35.70,41.23,-1.41,2.74,3.85,-1.22,4.10,2.96,2.18,1.41,130321,6.41,100
italy,N46PE010J,ALOS,md_italy_1sec_area,DSM,FLAT,100.00,-27.18,11.48,-1.23,1.68,2.44,-1.02,2.74,1.93,0.19,1.23,12926,4.27,9.92
italy,N46PE010J,ALOS,md_italy_1sec_area,DSM,STEEP,100.00,-35.70,41.23,-1.43,2.86,3.98,-1.27,4.23,3.07,1.91,1.43,117386,6.6,90.07
italy,N46PE010J,NASA,md_italy_1sec_point,DSM,ALL,100.00,-46.41,43.73,-2.58,4.23,5.75,-2.64,6.31,4.82,3.89,2.58,130321,10.01,100
italy,N46PE010J,NASA,md_italy_1sec_point,DSM,FLAT,100.00,-26.24,31.03,-2.52,2.95,4.21,-1.84,4.91,3.45,0.35,2.52,13037,8.28,10
italy,N46PE010J,NASA,md_italy_1sec_point,DSM,STEEP,100.00,-46.41,43.73,-2.59,4.36,5.90,-2.79,6.44,4.98,3.43,2.59,117284,10.16,90
italy,N46PE010J,ASTER,md_italy_1sec_point,DSM,ALL,100.00,-47.39,46.64,-0.90,4.73,6.41,-1.13,6.48,4.83,3.74,0.90,130321,10.27,100
italy,N46PE010J,ASTER,md_italy_1sec_point,DSM,FLAT,100.00,-30.64,24.94,-1.62,3.21,4.42,-0.82,4.71,3.22,0.33,1.62,13037,7.94,10
italy,N46PE010J,ASTER,md_italy_1sec_point,DSM,STEEP,100.00,-47.39,46.64,-0.82,4.91,6.59,-1.19,6.64,5.00,3.28,0.82,117284,10.46,90
italy,N46PE010J,FABDEM,md_italy_1sec_point,DSM,ALL,100.00,-44.53,55.38,-3.14,3.79,5.30,-2.90,6.16,4.62,3.61,3.14,130321,9.74,100
italy,N46PE010J,FABDEM,md_italy_1sec_point,DSM,FLAT,100.00,-28.38,29.57,-2.15,2.81,4.25,-1.80,4.76,3.32,0.32,2.15,13037,7.74,10
italy,N46PE010J,FABDEM,md_italy_1sec_point,DSM,STEEP,100.00,-44.53,55.38,-3.25,3.88,5.39,-3.10,6.29,4.76,3.18,3.25,117284,9.88,90
