AREA,DEMIX_TILE,DEM,REF_DEM,REF_TYPE,REF_SLOPE,GRID_FULL,SMD_MIN,SMD_Max,SMD_Mean,SMD_AVG,SMD_STD,SMD_MEDIAN,SMD_RMSE,SMD_MAE,SMD_AB_MD,SMD_AB_MN,SMD_N,SMD_LE90,SLOPE_PC
brazil,S08PW038C,COP,md_pe3d_mdt_1m_elev_S08PW038C_1m_1sec_point,DTM,ALL,99.11,-43.50,50.49,-0.02,2.03,3.12,-0.06,3.12,2.03,1.30,0.02,127089,4.6,100
brazil,S08PW038C,COP,md_pe3d_mdt_1m_elev_S08PW038C_1m_1sec_point,DTM,FLAT,99.11,-43.50,15.59,-0.15,1.75,2.55,-0.10,2.55,1.75,1.15,0.15,116102,3.91,91.35
brazil,S08PW038C,COP,md_pe3d_mdt_1m_elev_S08PW038C_1m_1sec_point,DTM,STEEP,99.11,-41.53,50.49,1.37,4.81,6.45,1.19,6.60,4.91,0.10,1.37,10987,10.5,8.65
brazil,S08PW038C,COP,md_pe3d_mds_1m_elev_S08PW038C_1m_1sec_point,DSM,ALL,99.11,-44.84,49.44,0.35,2.20,3.27,0.21,3.29,2.21,1.49,0.35,127092,4.95,100
brazil,S08PW038C,COP,md_pe3d_mds_1m_elev_S08PW038C_1m_1sec_point,DSM,FLAT,99.11,-44.84,16.82,0.20,1.92,2.72,0.16,2.72,1.93,1.32,0.20,115656,4.28,91
brazil,S08PW038C,COP,md_pe3d_mds_1m_elev_S08PW038C_1m_1sec_point,DSM,STEEP,99.11,-41.53,49.44,1.83,4.82,6.46,1.68,6.72,5.03,0.11,1.83,11436,10.65,9
brazil,S08PW038C,SRTM,md_pe3d_mdt_1m_elev_S08PW038C_1m_1sec_point,DTM,ALL,99.11,-43.22,53.42,-0.34,2.92,4.08,-0.48,4.10,2.95,2.22,0.34,127089,6.22,100
brazil,S08PW038C,SRTM,md_pe3d_mdt_1m_elev_S08PW038C_1m_1sec_point,DTM,FLAT,99.11,-43.22,16.50,-0.61,2.58,3.41,-0.60,3.46,2.63,1.99,0.61,116102,5.54,91.35
brazil,S08PW038C,SRTM,md_pe3d_mdt_1m_elev_S08PW038C_1m_1sec_point,DTM,STEEP,99.11,-34.69,53.42,2.58,5.97,7.79,2.43,8.20,6.31,0.17,2.58,10987,13.36,8.65
brazil,S08PW038C,SRTM,md_pe3d_mds_1m_elev_S08PW038C_1m_1sec_point,DSM,ALL,99.11,-44.55,52.70,0.04,3.07,4.22,-0.15,4.22,3.07,2.33,0.04,127092,6.46,100
brazil,S08PW038C,SRTM,md_pe3d_mds_1m_elev_S08PW038C_1m_1sec_point,DSM,FLAT,99.11,-44.55,17.02,-0.26,2.73,3.57,-0.28,3.58,2.74,2.08,0.26,115656,5.76,91
brazil,S08PW038C,SRTM,md_pe3d_mds_1m_elev_S08PW038C_1m_1sec_point,DSM,STEEP,99.11,-38.85,52.70,3.00,5.91,7.72,2.89,8.29,6.39,0.19,3.00,11436,13.3,9
brazil,S08PW038C,ALOS,md_pe3d_mdt_1m_elev_S08PW038C_1m_1sec_area,DTM,ALL,99.11,-47.08,28.03,-0.24,1.75,2.61,-0.22,2.62,1.76,1.22,0.24,127083,3.87,100
brazil,S08PW038C,ALOS,md_pe3d_mdt_1m_elev_S08PW038C_1m_1sec_area,DTM,FLAT,99.11,-47.08,15.05,-0.31,1.57,2.28,-0.24,2.30,1.58,1.09,0.31,116042,3.4,91.31
brazil,S08PW038C,ALOS,md_pe3d_mdt_1m_elev_S08PW038C_1m_1sec_area,DTM,STEEP,99.11,-29.18,28.03,0.50,3.66,4.83,0.38,4.85,3.67,0.10,0.50,11041,7.94,8.69
brazil,S08PW038C,ALOS,md_pe3d_mds_1m_elev_S08PW038C_1m_1sec_area,DSM,ALL,99.11,-50.68,44.75,0.13,1.95,2.74,0.06,2.74,1.95,1.44,0.13,127092,4.17,100
brazil,S08PW038C,ALOS,md_pe3d_mds_1m_elev_S08PW038C_1m_1sec_area,DSM,FLAT,99.11,-50.68,16.07,0.06,1.81,2.50,0.03,2.50,1.81,1.29,0.06,115653,3.85,91
brazil,S08PW038C,ALOS,md_pe3d_mds_1m_elev_S08PW038C_1m_1sec_area,DSM,STEEP,99.11,-29.18,44.75,0.85,3.27,4.41,0.72,4.49,3.33,0.12,0.85,11439,7.04,9
brazil,S08PW038C,NASA,md_pe3d_mdt_1m_elev_S08PW038C_1m_1sec_point,DTM,ALL,99.11,-42.49,51.83,-0.30,2.89,4.04,-0.49,4.05,2.92,2.20,0.30,127089,6.12,100
brazil,S08PW038C,NASA,md_pe3d_mdt_1m_elev_S08PW038C_1m_1sec_point,DTM,FLAT,99.11,-42.49,17.86,-0.59,2.54,3.33,-0.61,3.38,2.59,1.98,0.59,116102,5.43,91.35
brazil,S08PW038C,NASA,md_pe3d_mdt_1m_elev_S08PW038C_1m_1sec_point,DTM,STEEP,99.11,-32.79,51.83,2.73,6.01,7.82,2.60,8.29,6.39,0.17,2.73,10987,13.4,8.65
brazil,S08PW038C,NASA,md_pe3d_mds_1m_elev_S08PW038C_1m_1sec_point,DSM,ALL,99.11,-43.82,51.12,0.07,3.04,4.18,-0.14,4.18,3.03,2.31,0.07,127092,6.36,100
brazil,S08PW038C,NASA,md_pe3d_mds_1m_elev_S08PW038C_1m_1sec_point,DSM,FLAT,99.11,-43.82,17.13,-0.23,2.68,3.50,-0.28,3.50,2.69,2.06,0.23,115656,5.65,91
brazil,S08PW038C,NASA,md_pe3d_mds_1m_elev_S08PW038C_1m_1sec_point,DSM,STEEP,99.11,-36.95,51.12,3.16,5.93,7.73,3.11,8.35,6.48,0.19,3.16,11436,13.33,9
brazil,S08PW038C,ASTER,md_pe3d_mdt_1m_elev_S08PW038C_1m_1sec_point,DTM,ALL,99.11,-44.93,54.40,-2.88,4.47,6.00,-2.79,6.66,5.08,4.03,2.88,127089,10.77,100
brazil,S08PW038C,ASTER,md_pe3d_mdt_1m_elev_S08PW038C_1m_1sec_point,DTM,FLAT,99.11,-34.12,17.85,-3.38,4.07,5.23,-3.04,6.23,4.81,3.61,3.38,116102,10.19,91.35
brazil,S08PW038C,ASTER,md_pe3d_mdt_1m_elev_S08PW038C_1m_1sec_point,DTM,STEEP,99.11,-44.93,54.40,2.33,7.64,9.85,2.46,10.12,7.89,0.31,2.33,10987,16.4,8.65
brazil,S08PW038C,ASTER,md_pe3d_mds_1m_elev_S08PW038C_1m_1sec_point,DSM,ALL,99.11,-45.40,53.29,-2.51,4.57,6.10,-2.45,6.60,5.03,3.97,2.51,127092,10.67,100
brazil,S08PW038C,ASTER,md_pe3d_mds_1m_elev_S08PW038C_1m_1sec_point,DSM,FLAT,99.11,-35.68,16.92,-3.03,4.16,5.35,-2.72,6.14,4.74,3.55,3.03,115656,10.04,91
brazil,S08PW038C,ASTER,md_pe3d_mds_1m_elev_S08PW038C_1m_1sec_point,DSM,STEEP,99.11,-45.40,53.29,2.71,7.55,9.73,2.86,10.10,7.91,0.32,2.71,11436,16.21,9
brazil,S08PW038C,FABDEM,md_pe3d_mdt_1m_elev_S08PW038C_1m_1sec_point,DTM,ALL,99.11,-41.92,50.76,0.72,2.00,3.09,0.54,3.18,2.06,1.31,0.72,127089,4.71,100
brazil,S08PW038C,FABDEM,md_pe3d_mdt_1m_elev_S08PW038C_1m_1sec_point,DTM,FLAT,99.11,-41.92,16.20,0.63,1.71,2.49,0.51,2.57,1.77,1.16,0.63,116102,4.01,91.35
brazil,S08PW038C,FABDEM,md_pe3d_mdt_1m_elev_S08PW038C_1m_1sec_point,DTM,STEEP,99.11,-39.17,50.76,1.74,4.97,6.65,1.38,6.87,5.11,0.09,1.74,10987,11.02,8.65
brazil,S08PW038C,FABDEM,md_pe3d_mds_1m_elev_S08PW038C_1m_1sec_point,DSM,ALL,99.11,-43.25,48.90,1.10,2.25,3.32,0.83,3.49,2.38,1.62,1.10,127092,5.35,100
brazil,S08PW038C,FABDEM,md_pe3d_mds_1m_elev_S08PW038C_1m_1sec_point,DSM,FLAT,99.11,-43.25,16.67,0.99,1.97,2.75,0.80,2.92,2.09,1.43,0.99,115656,4.68,91
brazil,S08PW038C,FABDEM,md_pe3d_mds_1m_elev_S08PW038C_1m_1sec_point,DSM,STEEP,99.11,-39.17,48.90,2.21,5.00,6.68,1.92,7.03,5.25,0.12,2.21,11436,11.29,9
brazil,S08PW038D,COP,md_pe3d_mdt_1m_elev_S08PW038D_1m_1sec_point,DTM,ALL,99.45,-60.03,69.10,0.28,4.79,7.70,-0.08,7.71,4.77,2.49,0.28,127440,12.23,100
brazil,S08PW038D,COP,md_pe3d_mdt_1m_elev_S08PW038D_1m_1sec_point,DTM,FLAT,99.45,-56.04,17.47,-1.09,2.84,4.64,-0.42,4.76,2.79,1.26,1.09,80144,6.55,62.89
brazil,S08PW038D,COP,md_pe3d_mdt_1m_elev_S08PW038D_1m_1sec_point,DTM,STEEP,99.45,-60.03,69.10,2.60,7.86,10.71,2.34,11.02,8.12,0.68,2.60,47296,17.6,37.11
brazil,S08PW038D,COP,md_pe3d_mds_1m_elev_S08PW038D_1m_1sec_point,DSM,ALL,99.45,-65.66,69.82,0.42,4.94,7.87,0.08,7.88,4.93,2.63,0.42,127440,12.5,100
brazil,S08PW038D,COP,md_pe3d_mds_1m_elev_S08PW038D_1m_1sec_point,DSM,FLAT,99.45,-56.14,16.65,-0.95,2.96,4.78,-0.29,4.88,2.90,1.34,0.95,79914,6.78,62.71
brazil,S08PW038D,COP,md_pe3d_mds_1m_elev_S08PW038D_1m_1sec_point,DSM,STEEP,99.45,-65.66,69.82,2.73,8.03,10.91,2.56,11.25,8.33,0.74,2.73,47526,18.02,37.29
brazil,S08PW038D,SRTM,md_pe3d_mdt_1m_elev_S08PW038D_1m_1sec_point,DTM,ALL,99.45,-150.70,74.04,1.04,5.64,8.48,0.00,8.55,5.54,3.40,1.04,127440,13.27,100
brazil,S08PW038D,SRTM,md_pe3d_mdt_1m_elev_S08PW038D_1m_1sec_point,DTM,FLAT,99.45,-66.47,17.66,-1.30,3.27,4.71,-0.92,4.88,3.36,1.89,1.30,80144,7.26,62.89
brazil,S08PW038D,SRTM,md_pe3d_mdt_1m_elev_S08PW038D_1m_1sec_point,DTM,STEEP,99.45,-150.70,74.04,5.01,8.36,11.45,4.54,12.50,9.24,1.07,5.01,47296,19.57,37.11
brazil,S08PW038D,SRTM,md_pe3d_mds_1m_elev_S08PW038D_1m_1sec_point,DSM,ALL,99.45,-150.70,73.24,1.19,5.73,8.57,0.19,8.65,5.65,3.49,1.19,127440,13.47,100
brazil,S08PW038D,SRTM,md_pe3d_mds_1m_elev_S08PW038D_1m_1sec_point,DSM,FLAT,99.45,-66.47,17.22,-1.16,3.39,4.85,-0.77,4.98,3.44,1.95,1.16,79914,7.42,62.71
brazil,S08PW038D,SRTM,md_pe3d_mds_1m_elev_S08PW038D_1m_1sec_point,DSM,STEEP,99.45,-150.70,73.24,5.13,8.43,11.52,4.67,12.61,9.37,1.11,5.13,47526,19.77,37.29
brazil,S08PW038D,ALOS,md_pe3d_mdt_1m_elev_S08PW038D_1m_1sec_area,DTM,ALL,99.45,-50.71,87.52,0.35,2.70,4.13,0.05,4.15,2.68,1.60,0.35,127449,6.51,100
brazil,S08PW038D,ALOS,md_pe3d_mdt_1m_elev_S08PW038D_1m_1sec_area,DTM,FLAT,99.45,-50.71,15.55,-0.29,1.69,2.57,-0.18,2.58,1.70,0.88,0.29,80109,3.9,62.86
brazil,S08PW038D,ALOS,md_pe3d_mdt_1m_elev_S08PW038D_1m_1sec_area,DTM,STEEP,99.45,-47.04,87.52,1.42,4.23,5.75,1.18,5.92,4.34,0.50,1.42,47340,9.33,37.14
brazil,S08PW038D,ALOS,md_pe3d_mds_1m_elev_S08PW038D_1m_1sec_area,DSM,ALL,99.45,-50.71,87.00,0.49,2.75,4.10,0.22,4.13,2.74,1.76,0.49,127449,6.4,100
brazil,S08PW038D,ALOS,md_pe3d_mds_1m_elev_S08PW038D_1m_1sec_area,DSM,FLAT,99.45,-50.71,17.80,-0.11,1.84,2.67,-0.03,2.67,1.83,0.98,0.11,79916,4.07,62.7
brazil,S08PW038D,ALOS,md_pe3d_mds_1m_elev_S08PW038D_1m_1sec_area,DSM,STEEP,99.45,-47.04,87.00,1.49,4.13,5.62,1.29,5.81,4.27,0.56,1.49,47533,9.09,37.3
brazil,S08PW038D,NASA,md_pe3d_mdt_1m_elev_S08PW038D_1m_1sec_point,DTM,ALL,99.45,-140.06,80.77,1.17,5.62,8.43,0.05,8.51,5.52,3.35,1.17,127440,13.23,100
brazil,S08PW038D,NASA,md_pe3d_mdt_1m_elev_S08PW038D_1m_1sec_point,DTM,FLAT,99.45,-61.53,16.51,-1.21,3.19,4.61,-0.89,4.77,3.28,1.88,1.21,80144,7,62.89
brazil,S08PW038D,NASA,md_pe3d_mdt_1m_elev_S08PW038D_1m_1sec_point,DTM,STEEP,99.45,-140.06,80.77,5.20,8.36,11.40,4.74,12.52,9.31,1.06,5.20,47296,19.67,37.11
brazil,S08PW038D,NASA,md_pe3d_mds_1m_elev_S08PW038D_1m_1sec_point,DSM,ALL,99.45,-140.06,82.46,1.31,5.71,8.52,0.25,8.62,5.63,3.44,1.31,127440,13.5,100
brazil,S08PW038D,NASA,md_pe3d_mds_1m_elev_S08PW038D_1m_1sec_point,DSM,FLAT,99.45,-61.53,16.80,-1.07,3.31,4.74,-0.74,4.86,3.36,1.93,1.07,79914,7.19,62.71
brazil,S08PW038D,NASA,md_pe3d_mds_1m_elev_S08PW038D_1m_1sec_point,DSM,STEEP,99.45,-140.06,82.46,5.31,8.43,11.46,4.90,12.63,9.44,1.11,5.31,47526,19.89,37.29
brazil,S08PW038D,ASTER,md_pe3d_mdt_1m_elev_S08PW038D_1m_1sec_point,DTM,ALL,99.45,-90.98,98.60,-0.46,7.34,10.46,-1.49,10.47,7.41,5.31,0.46,127440,16.26,100
brazil,S08PW038D,ASTER,md_pe3d_mdt_1m_elev_S08PW038D_1m_1sec_point,DTM,FLAT,99.45,-81.44,17.68,-3.56,4.75,6.47,-3.05,7.39,5.42,3.08,3.56,80144,11.4,62.89
brazil,S08PW038D,ASTER,md_pe3d_mdt_1m_elev_S08PW038D_1m_1sec_point,DTM,STEEP,99.45,-90.98,98.60,4.79,10.09,13.42,4.40,14.25,10.76,1.74,4.79,47296,22.62,37.11
brazil,S08PW038D,ASTER,md_pe3d_mds_1m_elev_S08PW038D_1m_1sec_point,DSM,ALL,99.45,-90.98,102.38,-0.32,7.39,10.51,-1.34,10.51,7.43,5.31,0.32,127440,16.36,100
brazil,S08PW038D,ASTER,md_pe3d_mds_1m_elev_S08PW038D_1m_1sec_point,DSM,FLAT,99.45,-81.44,17.76,-3.43,4.81,6.55,-2.90,7.39,5.42,3.06,3.43,79914,11.37,62.71
brazil,S08PW038D,ASTER,md_pe3d_mds_1m_elev_S08PW038D_1m_1sec_point,DSM,STEEP,99.45,-90.98,102.38,4.91,10.12,13.43,4.54,14.30,10.82,1.77,4.91,47526,22.78,37.29
brazil,S08PW038D,FABDEM,md_pe3d_mdt_1m_elev_S08PW038D_1m_1sec_point,DTM,ALL,99.45,-71.02,71.19,0.92,4.74,7.63,0.40,7.69,4.72,2.40,0.92,127440,12.21,100
brazil,S08PW038D,FABDEM,md_pe3d_mdt_1m_elev_S08PW038D_1m_1sec_point,DTM,FLAT,99.45,-62.17,16.80,-0.40,2.69,4.47,0.10,4.49,2.64,1.17,0.40,80144,6.39,62.89
brazil,S08PW038D,FABDEM,md_pe3d_mdt_1m_elev_S08PW038D_1m_1sec_point,DTM,STEEP,99.45,-71.02,71.19,3.17,7.88,10.73,2.79,11.19,8.25,0.63,3.17,47296,17.88,37.11
brazil,S08PW038D,FABDEM,md_pe3d_mds_1m_elev_S08PW038D_1m_1sec_point,DSM,ALL,99.45,-76.82,77.28,1.06,4.91,7.81,0.56,7.88,4.92,2.60,1.06,127440,12.48,100
brazil,S08PW038D,FABDEM,md_pe3d_mds_1m_elev_S08PW038D_1m_1sec_point,DSM,FLAT,99.45,-62.50,17.50,-0.27,2.86,4.64,0.22,4.65,2.82,1.31,0.27,79914,6.68,62.71
brazil,S08PW038D,FABDEM,md_pe3d_mds_1m_elev_S08PW038D_1m_1sec_point,DSM,STEEP,99.45,-76.82,77.28,3.30,8.05,10.93,2.98,11.42,8.46,0.72,3.30,47526,18.28,37.29
brazil,S08QW038C,COP,md_pe3d_mdt_1m_elev_S08QW038C_1m_1sec_point,DTM,ALL,99.11,-59.89,102.01,0.08,2.70,4.38,-0.01,4.38,2.70,1.70,0.08,127083,5.95,100
brazil,S08QW038C,COP,md_pe3d_mdt_1m_elev_S08QW038C_1m_1sec_point,DTM,FLAT,99.11,-57.40,16.06,-0.13,2.08,2.96,-0.06,2.96,2.08,1.41,0.13,110427,4.55,86.89
brazil,S08QW038C,COP,md_pe3d_mdt_1m_elev_S08QW038C_1m_1sec_point,DTM,STEEP,99.11,-59.89,102.01,1.47,6.75,9.27,1.01,9.38,6.79,0.19,1.47,16656,14.38,13.11
brazil,S08QW038C,COP,md_pe3d_mds_1m_elev_S08QW038C_1m_1sec_point,DSM,ALL,99.11,-63.26,101.72,0.41,2.86,4.44,0.24,4.46,2.86,1.89,0.41,127092,6.28,100
brazil,S08QW038C,COP,md_pe3d_mds_1m_elev_S08QW038C_1m_1sec_point,DSM,FLAT,99.11,-57.40,17.35,0.24,2.26,3.14,0.19,3.15,2.27,1.57,0.24,109909,4.95,86.48
brazil,S08QW038C,COP,md_pe3d_mds_1m_elev_S08QW038C_1m_1sec_point,DSM,STEEP,99.11,-63.26,101.72,1.54,6.57,9.00,1.26,9.13,6.65,0.22,1.54,17183,14.07,13.52
brazil,S08QW038C,SRTM,md_pe3d_mdt_1m_elev_S08QW038C_1m_1sec_point,DTM,ALL,99.11,-91.75,100.64,0.15,3.41,5.13,-0.08,5.13,3.41,2.43,0.15,127083,7.08,100
brazil,S08QW038C,SRTM,md_pe3d_mdt_1m_elev_S08QW038C_1m_1sec_point,DTM,FLAT,99.11,-40.34,16.67,-0.23,2.73,3.57,-0.21,3.58,2.74,2.06,0.23,110427,5.75,86.89
brazil,S08QW038C,SRTM,md_pe3d_mdt_1m_elev_S08QW038C_1m_1sec_point,DTM,STEEP,99.11,-91.75,100.64,2.62,7.62,10.44,2.31,10.77,7.85,0.28,2.62,16656,16.23,13.11
brazil,S08QW038C,SRTM,md_pe3d_mds_1m_elev_S08QW038C_1m_1sec_point,DSM,ALL,99.11,-94.02,100.34,0.48,3.61,5.27,0.23,5.29,3.61,2.62,0.48,127092,7.58,100
brazil,S08QW038C,SRTM,md_pe3d_mds_1m_elev_S08QW038C_1m_1sec_point,DSM,FLAT,99.11,-40.34,17.73,0.12,2.95,3.83,0.09,3.83,2.95,2.20,0.12,109909,6.18,86.48
brazil,S08QW038C,SRTM,md_pe3d_mds_1m_elev_S08QW038C_1m_1sec_point,DSM,STEEP,99.11,-94.02,100.34,2.75,7.53,10.28,2.63,10.64,7.84,0.32,2.75,17183,16.12,13.52
brazil,S08QW038C,ALOS,md_pe3d_mdt_1m_elev_S08QW038C_1m_1sec_area,DTM,ALL,99.11,-47.28,36.24,-0.20,2.06,3.00,-0.15,3.01,2.06,1.40,0.20,127092,4.69,100
brazil,S08QW038C,ALOS,md_pe3d_mdt_1m_elev_S08QW038C_1m_1sec_area,DTM,FLAT,99.11,-47.28,14.40,-0.30,1.77,2.49,-0.18,2.51,1.78,1.18,0.30,110358,3.91,86.83
brazil,S08QW038C,ALOS,md_pe3d_mdt_1m_elev_S08QW038C_1m_1sec_area,DTM,STEEP,99.11,-42.05,36.24,0.46,3.96,5.22,0.38,5.24,3.97,0.17,0.46,16734,8.51,13.17
brazil,S08QW038C,ALOS,md_pe3d_mds_1m_elev_S08QW038C_1m_1sec_area,DSM,ALL,99.11,-47.39,33.42,0.13,2.11,2.88,0.09,2.88,2.11,1.59,0.13,127083,4.55,100
brazil,S08QW038C,ALOS,md_pe3d_mds_1m_elev_S08QW038C_1m_1sec_area,DSM,FLAT,99.11,-47.39,14.59,0.08,1.91,2.56,0.06,2.56,1.92,1.33,0.08,109819,4.1,86.42
brazil,S08QW038C,ALOS,md_pe3d_mds_1m_elev_S08QW038C_1m_1sec_area,DSM,STEEP,99.11,-42.05,33.42,0.46,3.33,4.36,0.45,4.38,3.35,0.20,0.46,17264,7.02,13.58
brazil,S08QW038C,NASA,md_pe3d_mdt_1m_elev_S08QW038C_1m_1sec_point,DTM,ALL,99.11,-147.06,96.38,0.17,3.39,5.18,-0.09,5.18,3.38,2.41,0.17,127083,6.97,100
brazil,S08QW038C,NASA,md_pe3d_mdt_1m_elev_S08QW038C_1m_1sec_point,DTM,FLAT,99.11,-34.59,16.67,-0.22,2.68,3.49,-0.22,3.50,2.69,2.03,0.22,110427,5.61,86.89
brazil,S08QW038C,NASA,md_pe3d_mdt_1m_elev_S08QW038C_1m_1sec_point,DTM,STEEP,99.11,-147.06,96.38,2.76,7.69,10.79,2.46,11.14,7.96,0.29,2.76,16656,16.44,13.11
brazil,S08QW038C,NASA,md_pe3d_mds_1m_elev_S08QW038C_1m_1sec_point,DSM,ALL,99.11,-156.27,88.92,0.51,3.58,5.32,0.24,5.34,3.58,2.59,0.51,127092,7.44,100
brazil,S08QW038C,NASA,md_pe3d_mds_1m_elev_S08QW038C_1m_1sec_point,DSM,FLAT,99.11,-35.40,16.76,0.14,2.90,3.75,0.08,3.75,2.90,2.19,0.14,109909,6.07,86.48
brazil,S08QW038C,NASA,md_pe3d_mds_1m_elev_S08QW038C_1m_1sec_point,DSM,STEEP,99.11,-156.27,88.92,2.88,7.59,10.62,2.83,11.01,7.95,0.32,2.88,17183,16.25,13.52
brazil,S08QW038C,ASTER,md_pe3d_mdt_1m_elev_S08QW038C_1m_1sec_point,DTM,ALL,99.11,-64.76,97.08,-1.49,4.53,6.39,-1.58,6.57,4.73,3.59,1.49,127083,9.95,100
brazil,S08QW038C,ASTER,md_pe3d_mdt_1m_elev_S08QW038C_1m_1sec_point,DTM,FLAT,99.11,-43.21,17.42,-2.06,3.81,4.89,-1.83,5.31,4.10,3.03,2.06,110427,8.62,86.89
brazil,S08QW038C,ASTER,md_pe3d_mdt_1m_elev_S08QW038C_1m_1sec_point,DTM,STEEP,99.11,-64.76,97.08,2.29,8.80,11.70,2.03,11.93,8.95,0.43,2.29,16656,18.67,13.11
brazil,S08QW038C,ASTER,md_pe3d_mds_1m_elev_S08QW038C_1m_1sec_point,DSM,ALL,99.11,-71.74,97.27,-1.16,4.64,6.47,-1.26,6.57,4.76,3.63,1.16,127092,10,100
brazil,S08QW038C,ASTER,md_pe3d_mds_1m_elev_S08QW038C_1m_1sec_point,DSM,FLAT,99.11,-45.86,16.94,-1.71,3.94,5.05,-1.51,5.33,4.13,3.05,1.71,109909,8.68,86.48
brazil,S08QW038C,ASTER,md_pe3d_mds_1m_elev_S08QW038C_1m_1sec_point,DSM,STEEP,99.11,-71.74,97.27,2.39,8.63,11.47,2.22,11.72,8.82,0.44,2.39,17183,18.36,13.52
brazil,S08QW038C,FABDEM,md_pe3d_mdt_1m_elev_S08QW038C_1m_1sec_point,DTM,ALL,99.11,-60.67,102.47,0.86,2.64,4.29,0.71,4.38,2.73,1.75,0.86,127083,5.97,100
brazil,S08QW038C,FABDEM,md_pe3d_mdt_1m_elev_S08QW038C_1m_1sec_point,DTM,FLAT,99.11,-52.61,16.42,0.74,2.02,2.86,0.69,2.96,2.11,1.46,0.74,110427,4.62,86.89
brazil,S08QW038C,FABDEM,md_pe3d_mdt_1m_elev_S08QW038C_1m_1sec_point,DTM,STEEP,99.11,-60.67,102.47,1.62,6.74,9.25,1.11,9.39,6.79,0.19,1.62,16656,14.33,13.11
brazil,S08QW038C,FABDEM,md_pe3d_mds_1m_elev_S08QW038C_1m_1sec_point,DSM,ALL,99.11,-64.70,102.17,1.19,2.91,4.48,0.98,4.64,3.05,2.06,1.19,127092,6.72,100
brazil,S08QW038C,FABDEM,md_pe3d_mds_1m_elev_S08QW038C_1m_1sec_point,DSM,FLAT,99.11,-52.61,17.04,1.10,2.32,3.19,0.96,3.38,2.47,1.70,1.10,109909,5.45,86.48
brazil,S08QW038C,FABDEM,md_pe3d_mds_1m_elev_S08QW038C_1m_1sec_point,DSM,STEEP,99.11,-64.70,102.17,1.77,6.67,9.10,1.44,9.27,6.77,0.23,1.77,17183,14.25,13.52
brazil,S08QW038D,COP,md_pe3d_mdt_1m_elev_S08QW038D_1m_1sec_point,DTM,ALL,99.45,-20.55,20.93,-0.07,1.83,2.54,-0.04,2.54,1.83,1.31,0.07,127449,4.09,100
brazil,S08QW038D,COP,md_pe3d_mdt_1m_elev_S08QW038D_1m_1sec_point,DTM,FLAT,99.45,-20.55,16.04,-0.09,1.80,2.49,-0.05,2.50,1.80,1.30,0.09,126542,4.04,99.29
brazil,S08QW038D,COP,md_pe3d_mdt_1m_elev_S08QW038D_1m_1sec_point,DTM,STEEP,99.45,-11.12,20.93,3.53,3.95,5.06,3.39,6.16,4.97,0.01,3.53,907,9.95,0.71
brazil,S08QW038D,COP,md_pe3d_mds_1m_elev_S08QW038D_1m_1sec_point,DSM,ALL,99.45,-21.17,21.02,0.05,1.88,2.61,0.03,2.62,1.88,1.35,0.05,127449,4.22,100
brazil,S08QW038D,COP,md_pe3d_mds_1m_elev_S08QW038D_1m_1sec_point,DSM,FLAT,99.45,-21.17,15.43,0.02,1.85,2.56,0.02,2.56,1.85,1.34,0.02,126507,4.16,99.26
brazil,S08QW038D,COP,md_pe3d_mds_1m_elev_S08QW038D_1m_1sec_point,DSM,STEEP,99.45,-11.12,21.02,3.97,4.29,5.48,3.76,6.77,5.42,0.01,3.97,942,10.94,0.74
brazil,S08QW038D,SRTM,md_pe3d_mdt_1m_elev_S08QW038D_1m_1sec_point,DTM,ALL,99.45,-22.07,28.95,-0.18,2.50,3.25,-0.23,3.26,2.51,2.01,0.18,127449,5.27,100
brazil,S08QW038D,SRTM,md_pe3d_mdt_1m_elev_S08QW038D_1m_1sec_point,DTM,FLAT,99.45,-22.07,16.19,-0.22,2.47,3.19,-0.25,3.19,2.47,2.00,0.22,126542,5.21,99.29
brazil,S08QW038D,SRTM,md_pe3d_mdt_1m_elev_S08QW038D_1m_1sec_point,DTM,STEEP,99.45,-12.97,28.95,5.58,4.80,6.10,5.61,8.26,6.76,0.01,5.58,907,13.23,0.71
brazil,S08QW038D,SRTM,md_pe3d_mds_1m_elev_S08QW038D_1m_1sec_point,DSM,ALL,99.45,-22.07,29.03,-0.06,2.56,3.34,-0.13,3.34,2.57,2.06,0.06,127449,5.39,100
brazil,S08QW038D,SRTM,md_pe3d_mds_1m_elev_S08QW038D_1m_1sec_point,DSM,FLAT,99.45,-22.07,17.60,-0.11,2.53,3.27,-0.15,3.27,2.53,2.04,0.11,126507,5.33,99.26
brazil,S08QW038D,SRTM,md_pe3d_mds_1m_elev_S08QW038D_1m_1sec_point,DSM,STEEP,99.45,-14.16,29.03,5.96,4.94,6.25,5.84,8.63,7.09,0.01,5.96,942,14.05,0.74
brazil,S08QW038D,ALOS,md_pe3d_mdt_1m_elev_S08QW038D_1m_1sec_area,DTM,ALL,99.45,-41.64,17.46,-0.20,1.50,2.13,-0.13,2.14,1.51,1.10,0.20,127449,3.22,100
brazil,S08QW038D,ALOS,md_pe3d_mdt_1m_elev_S08QW038D_1m_1sec_area,DTM,FLAT,99.45,-41.64,12.83,-0.20,1.50,2.11,-0.13,2.12,1.50,1.09,0.20,126566,3.2,99.31
brazil,S08QW038D,ALOS,md_pe3d_mdt_1m_elev_S08QW038D_1m_1sec_area,DTM,STEEP,99.45,-14.40,17.46,0.52,2.80,3.82,0.49,3.85,2.84,0.01,0.52,883,6.39,0.69
brazil,S08QW038D,ALOS,md_pe3d_mds_1m_elev_S08QW038D_1m_1sec_area,DSM,ALL,99.45,-41.64,17.60,-0.09,1.58,2.20,-0.06,2.20,1.58,1.18,0.09,127440,3.39,100
brazil,S08QW038D,ALOS,md_pe3d_mds_1m_elev_S08QW038D_1m_1sec_area,DSM,FLAT,99.45,-41.64,15.25,-0.09,1.57,2.18,-0.07,2.18,1.57,1.17,0.09,126520,3.37,99.28
brazil,S08QW038D,ALOS,md_pe3d_mds_1m_elev_S08QW038D_1m_1sec_area,DSM,STEEP,99.45,-14.40,17.60,0.91,2.94,4.03,0.78,4.13,3.02,0.01,0.91,920,6.61,0.72
brazil,S08QW038D,NASA,md_pe3d_mdt_1m_elev_S08QW038D_1m_1sec_point,DTM,ALL,99.45,-20.14,26.99,-0.18,2.47,3.21,-0.25,3.21,2.48,2.00,0.18,127449,5.19,100
brazil,S08QW038D,NASA,md_pe3d_mdt_1m_elev_S08QW038D_1m_1sec_point,DTM,FLAT,99.45,-20.14,17.52,-0.23,2.44,3.14,-0.27,3.14,2.45,1.99,0.23,126542,5.13,99.29
brazil,S08QW038D,NASA,md_pe3d_mdt_1m_elev_S08QW038D_1m_1sec_point,DTM,STEEP,99.45,-13.88,26.99,5.98,4.67,5.92,6.09,8.42,6.95,0.01,5.98,907,13.24,0.71
brazil,S08QW038D,NASA,md_pe3d_mds_1m_elev_S08QW038D_1m_1sec_point,DSM,ALL,99.45,-20.14,27.87,-0.07,2.53,3.29,-0.15,3.29,2.53,2.04,0.07,127449,5.32,100
brazil,S08QW038D,NASA,md_pe3d_mds_1m_elev_S08QW038D_1m_1sec_point,DSM,FLAT,99.45,-20.14,17.60,-0.12,2.50,3.22,-0.17,3.22,2.50,2.02,0.12,126507,5.25,99.26
brazil,S08QW038D,NASA,md_pe3d_mds_1m_elev_S08QW038D_1m_1sec_point,DSM,STEEP,99.45,-15.07,27.87,6.34,4.79,6.08,6.33,8.78,7.29,0.01,6.34,942,13.98,0.74
brazil,S08QW038D,ASTER,md_pe3d_mdt_1m_elev_S08QW038D_1m_1sec_point,DTM,ALL,99.45,-70.27,26.96,-3.00,4.10,5.34,-2.61,6.13,4.64,3.68,3.00,127449,9.89,100
brazil,S08QW038D,ASTER,md_pe3d_mdt_1m_elev_S08QW038D_1m_1sec_point,DTM,FLAT,99.45,-70.27,16.11,-3.05,4.07,5.28,-2.64,6.10,4.63,3.64,3.05,126542,9.85,99.29
brazil,S08QW038D,ASTER,md_pe3d_mdt_1m_elev_S08QW038D_1m_1sec_point,DTM,STEEP,99.45,-27.81,26.96,4.12,6.13,7.78,4.45,8.80,7.09,0.02,4.12,907,14.59,0.71
brazil,S08QW038D,ASTER,md_pe3d_mds_1m_elev_S08QW038D_1m_1sec_point,DSM,ALL,99.45,-70.29,28.10,-2.89,4.14,5.38,-2.51,6.11,4.63,3.67,2.89,127449,9.85,100
brazil,S08QW038D,ASTER,md_pe3d_mds_1m_elev_S08QW038D_1m_1sec_point,DSM,FLAT,99.45,-70.29,16.22,-2.94,4.11,5.32,-2.54,6.08,4.61,3.64,2.94,126507,9.8,99.26
brazil,S08QW038D,ASTER,md_pe3d_mds_1m_elev_S08QW038D_1m_1sec_point,DSM,STEEP,99.45,-27.99,28.10,4.45,6.29,7.89,4.75,9.06,7.32,0.02,4.45,942,15.12,0.74
brazil,S08QW038D,FABDEM,md_pe3d_mdt_1m_elev_S08QW038D_1m_1sec_point,DTM,ALL,99.45,-17.72,23.21,0.83,1.78,2.46,0.64,2.60,1.87,1.34,0.83,127449,4.2,100
brazil,S08QW038D,FABDEM,md_pe3d_mdt_1m_elev_S08QW038D_1m_1sec_point,DTM,FLAT,99.45,-17.72,16.36,0.80,1.75,2.40,0.63,2.53,1.84,1.32,0.80,126542,4.14,99.29
brazil,S08QW038D,FABDEM,md_pe3d_mdt_1m_elev_S08QW038D_1m_1sec_point,DTM,STEEP,99.45,-9.55,23.21,4.78,4.49,5.59,4.45,7.35,5.94,0.01,4.78,907,12.46,0.71
brazil,S08QW038D,FABDEM,md_pe3d_mds_1m_elev_S08QW038D_1m_1sec_point,DSM,ALL,99.45,-17.77,24.40,0.94,1.88,2.59,0.73,2.76,1.99,1.43,0.94,127449,4.45,100
brazil,S08QW038D,FABDEM,md_pe3d_mds_1m_elev_S08QW038D_1m_1sec_point,DSM,FLAT,99.45,-17.77,17.14,0.91,1.85,2.53,0.72,2.68,1.96,1.42,0.91,126507,4.39,99.26
brazil,S08QW038D,FABDEM,md_pe3d_mds_1m_elev_S08QW038D_1m_1sec_point,DSM,STEEP,99.45,-9.66,24.40,5.26,4.80,5.97,5.15,7.95,6.41,0.01,5.26,942,13.1,0.74
brazil,S24MW047C,COP,md_MDT_sampa_ll_elev_1m_S24MW047C_1sec_point,DTM,ALL,77.42,-52.04,70.93,0.55,8.14,10.93,0.08,10.94,8.13,6.09,0.55,98509,18.17,100
brazil,S24MW047C,COP,md_MDT_sampa_ll_elev_1m_S24MW047C_1sec_point,DTM,FLAT,77.42,-52.04,17.38,-4.07,6.35,8.36,-2.64,9.30,6.67,2.71,4.07,50696,15.08,51.46
brazil,S24MW047C,COP,md_MDT_sampa_ll_elev_1m_S24MW047C_1sec_point,DTM,STEEP,77.42,-43.42,70.93,5.46,8.72,11.19,5.07,12.45,9.68,2.53,5.46,47813,20.49,48.54
brazil,S24MW047C,COP,md_MDS_sampa_ll_elev_1m_S24MW047C_1sec_point,DSM,ALL,77.42,-74.14,191.53,1.84,7.59,10.12,1.45,10.29,7.69,5.82,1.84,98509,17.03,100
brazil,S24MW047C,COP,md_MDS_sampa_ll_elev_1m_S24MW047C_1sec_point,DSM,FLAT,77.42,-52.04,17.32,-2.42,5.98,7.84,-1.19,8.21,5.99,2.38,2.42,45736,13.24,46.43
brazil,S24MW047C,COP,md_MDS_sampa_ll_elev_1m_S24MW047C_1sec_point,DSM,STEEP,77.42,-48.39,191.53,5.53,8.06,10.42,5.15,11.80,9.16,2.78,5.53,52773,19.22,53.57
brazil,S24MW047C,SRTM,md_MDT_sampa_ll_elev_1m_S24MW047C_1sec_point,DTM,ALL,77.42,-35.90,69.14,4.28,7.94,10.29,2.94,11.15,8.26,6.09,4.28,98509,18.56,100
brazil,S24MW047C,SRTM,md_MDT_sampa_ll_elev_1m_S24MW047C_1sec_point,DTM,FLAT,77.42,-35.90,17.74,-1.44,5.03,6.52,-1.10,6.67,5.10,2.79,1.44,50696,10.83,51.46
brazil,S24MW047C,SRTM,md_MDT_sampa_ll_elev_1m_S24MW047C_1sec_point,DTM,STEEP,77.42,-28.11,69.14,10.35,7.90,10.08,9.65,14.45,11.60,2.62,10.35,47813,23.57,48.54
brazil,S24MW047C,SRTM,md_MDS_sampa_ll_elev_1m_S24MW047C_1sec_point,DSM,ALL,77.42,-76.63,208.17,5.57,7.58,9.74,4.62,11.22,8.51,6.59,5.57,98509,18.61,100
brazil,S24MW047C,SRTM,md_MDS_sampa_ll_elev_1m_S24MW047C_1sec_point,DSM,FLAT,77.42,-45.23,17.89,-0.17,5.02,6.40,0.14,6.40,5.02,2.73,0.17,45736,10.51,46.43
brazil,S24MW047C,SRTM,md_MDS_sampa_ll_elev_1m_S24MW047C_1sec_point,DSM,STEEP,77.42,-52.36,208.17,10.55,7.29,9.39,10.10,14.12,11.53,3.18,10.55,52773,22.38,53.57
brazil,S24MW047C,ALOS,md_MDT_sampa_ll_elev_1m_S24MW047C_1sec_area,DTM,ALL,77.42,-66.78,45.79,1.27,6.17,8.33,0.98,8.42,6.22,4.62,1.27,98743,13.76,100
brazil,S24MW047C,ALOS,md_MDT_sampa_ll_elev_1m_S24MW047C_1sec_area,DTM,FLAT,77.42,-66.78,17.63,-2.07,4.94,6.84,-1.30,7.14,5.04,2.14,2.07,50697,10.85,51.34
brazil,S24MW047C,ALOS,md_MDT_sampa_ll_elev_1m_S24MW047C_1sec_area,DTM,STEEP,77.42,-51.17,45.79,4.79,6.40,8.31,4.49,9.59,7.47,2.03,4.79,48046,15.87,48.66
brazil,S24MW047C,ALOS,md_MDS_sampa_ll_elev_1m_S24MW047C_1sec_area,DSM,ALL,77.42,-137.52,405.80,2.58,4.18,6.02,2.15,6.55,4.58,3.37,2.58,98734,9.88,100
brazil,S24MW047C,ALOS,md_MDS_sampa_ll_elev_1m_S24MW047C_1sec_area,DSM,FLAT,77.42,-91.79,17.64,0.47,3.38,4.74,0.66,4.76,3.42,1.42,0.47,45667,7.18,46.25
brazil,S24MW047C,ALOS,md_MDS_sampa_ll_elev_1m_S24MW047C_1sec_area,DSM,STEEP,77.42,-104.17,405.80,4.39,4.45,6.40,3.78,7.76,5.57,1.66,4.39,53067,11.77,53.75
brazil,S24MW047C,NASA,md_MDT_sampa_ll_elev_1m_S24MW047C_1sec_point,DTM,ALL,77.42,-34.33,68.71,4.88,7.96,10.30,3.46,11.40,8.41,6.11,4.88,98509,19.05,100
brazil,S24MW047C,NASA,md_MDT_sampa_ll_elev_1m_S24MW047C_1sec_point,DTM,FLAT,77.42,-34.33,17.83,-0.98,4.84,6.29,-0.71,6.36,4.88,2.80,0.98,50696,10.34,51.46
brazil,S24MW047C,NASA,md_MDT_sampa_ll_elev_1m_S24MW047C_1sec_point,DTM,STEEP,77.42,-26.49,68.71,11.09,7.87,10.09,10.37,14.99,12.16,2.63,11.09,47813,24.34,48.54
brazil,S24MW047C,NASA,md_MDS_sampa_ll_elev_1m_S24MW047C_1sec_point,DSM,ALL,77.42,-76.75,210.99,6.16,7.58,9.73,5.15,11.52,8.73,6.74,6.16,98509,19.12,100
brazil,S24MW047C,NASA,md_MDS_sampa_ll_elev_1m_S24MW047C_1sec_point,DSM,FLAT,77.42,-45.83,17.71,0.27,4.83,6.17,0.55,6.18,4.85,2.80,0.27,45736,10.15,46.43
brazil,S24MW047C,NASA,md_MDS_sampa_ll_elev_1m_S24MW047C_1sec_point,DSM,STEEP,77.42,-52.57,210.99,11.27,7.24,9.36,10.83,14.65,12.10,3.26,11.27,52773,23.09,53.57
brazil,S24MW047C,ASTER,md_MDT_sampa_ll_elev_1m_S24MW047C_1sec_point,DTM,ALL,77.42,-64.23,75.24,1.77,10.42,13.54,0.74,13.66,10.40,8.10,1.77,98509,22.54,100
brazil,S24MW047C,ASTER,md_MDT_sampa_ll_elev_1m_S24MW047C_1sec_point,DTM,FLAT,77.42,-60.46,17.92,-5.35,7.21,9.27,-4.33,10.70,8.06,3.83,5.35,50696,17.53,51.46
brazil,S24MW047C,ASTER,md_MDT_sampa_ll_elev_1m_S24MW047C_1sec_point,DTM,STEEP,77.42,-64.23,75.24,9.33,10.28,13.26,9.12,16.21,12.88,3.60,9.33,47813,26.33,48.54
brazil,S24MW047C,ASTER,md_MDS_sampa_ll_elev_1m_S24MW047C_1sec_point,DSM,ALL,77.42,-75.48,194.78,3.06,10.23,13.22,2.45,13.57,10.42,8.25,3.06,98509,22.53,100
brazil,S24MW047C,ASTER,md_MDS_sampa_ll_elev_1m_S24MW047C_1sec_point,DSM,FLAT,77.42,-67.48,17.94,-4.39,7.31,9.39,-3.29,10.36,7.76,3.48,4.39,45736,16.74,46.43
brazil,S24MW047C,ASTER,md_MDS_sampa_ll_elev_1m_S24MW047C_1sec_point,DSM,STEEP,77.42,-65.74,194.78,9.52,9.79,12.65,9.56,15.83,12.72,4.05,9.52,52773,25.65,53.57
brazil,S24MW047C,FABDEM,md_MDT_sampa_ll_elev_1m_S24MW047C_1sec_point,DTM,ALL,77.42,-46.80,69.57,3.48,7.82,10.51,2.67,11.07,8.17,6.05,3.48,98509,18.45,100
brazil,S24MW047C,FABDEM,md_MDT_sampa_ll_elev_1m_S24MW047C_1sec_point,DTM,FLAT,77.42,-46.80,17.85,-0.13,5.57,7.61,0.72,7.61,5.55,2.61,0.13,50696,12.28,51.46
brazil,S24MW047C,FABDEM,md_MDT_sampa_ll_elev_1m_S24MW047C_1sec_point,DTM,STEEP,77.42,-37.16,69.57,7.31,9.22,11.72,7.01,13.82,10.94,2.43,7.31,47813,22.61,48.54
brazil,S24MW047C,FABDEM,md_MDS_sampa_ll_elev_1m_S24MW047C_1sec_point,DSM,ALL,77.42,-72.77,203.73,4.77,8.08,10.66,4.23,11.67,8.87,6.94,4.77,98509,19.16,100
brazil,S24MW047C,FABDEM,md_MDS_sampa_ll_elev_1m_S24MW047C_1sec_point,DSM,FLAT,77.42,-49.34,17.94,0.91,5.98,7.86,1.72,7.91,6.12,2.91,0.91,45736,12.79,46.43
brazil,S24MW047C,FABDEM,md_MDS_sampa_ll_elev_1m_S24MW047C_1sec_point,DSM,STEEP,77.42,-50.76,203.73,8.11,9.10,11.60,7.89,14.15,11.25,3.39,8.11,52773,22.89,53.57
brazil,S24MW047D,COP,md_MDT_sampa_ll_elev_1m_S24MW047D_1sec_point,DTM,ALL,77.56,-83.41,113.58,5.00,12.29,15.74,4.54,16.51,12.85,10.46,5.00,98999,27.06,100
brazil,S24MW047D,COP,md_MDT_sampa_ll_elev_1m_S24MW047D_1sec_point,DTM,FLAT,77.56,-83.41,16.14,-8.78,9.15,11.36,-7.47,14.36,11.04,1.89,8.78,19916,24.35,20.12
brazil,S24MW047D,COP,md_MDT_sampa_ll_elev_1m_S24MW047D_1sec_point,DTM,STEEP,77.56,-72.67,113.58,8.47,11.50,14.75,7.96,17.01,13.30,8.02,8.47,79083,27.71,79.88
brazil,S24MW047D,COP,md_MDS_sampa_ll_elev_1m_S24MW047D_1sec_point,DSM,ALL,77.56,-83.41,131.04,2.57,10.97,14.29,2.14,14.51,11.11,8.85,2.57,98999,23.48,100
brazil,S24MW047D,COP,md_MDS_sampa_ll_elev_1m_S24MW047D_1sec_point,DSM,FLAT,77.56,-83.41,17.55,-8.01,8.69,10.79,-6.87,13.44,10.35,1.79,8.01,22266,22.89,22.49
brazil,S24MW047D,COP,md_MDS_sampa_ll_elev_1m_S24MW047D_1sec_point,DSM,STEEP,77.56,-72.67,131.04,5.64,10.52,13.70,5.06,14.81,11.32,6.56,5.64,76733,23.71,77.51
brazil,S24MW047D,SRTM,md_MDT_sampa_ll_elev_1m_S24MW047D_1sec_point,DTM,ALL,77.56,-91.68,112.12,11.28,11.61,14.67,10.55,18.51,14.58,12.10,11.28,98999,30.37,100
brazil,S24MW047D,SRTM,md_MDT_sampa_ll_elev_1m_S24MW047D_1sec_point,DTM,FLAT,77.56,-79.96,17.96,-2.81,6.51,8.29,-2.26,8.75,6.74,2.17,2.81,19916,13.83,20.12
brazil,S24MW047D,SRTM,md_MDT_sampa_ll_elev_1m_S24MW047D_1sec_point,DTM,STEEP,77.56,-91.68,112.12,14.83,10.68,13.77,14.31,20.24,16.56,9.27,14.83,79083,32.22,79.88
brazil,S24MW047D,SRTM,md_MDS_sampa_ll_elev_1m_S24MW047D_1sec_point,DSM,ALL,77.56,-93.75,119.41,8.85,10.15,13.12,8.24,15.83,12.29,10.06,8.85,98999,25.63,100
brazil,S24MW047D,SRTM,md_MDS_sampa_ll_elev_1m_S24MW047D_1sec_point,DSM,FLAT,77.56,-79.96,18.00,-2.11,6.21,7.89,-1.52,8.16,6.32,2.03,2.11,22266,13.07,22.49
brazil,S24MW047D,SRTM,md_MDS_sampa_ll_elev_1m_S24MW047D_1sec_point,DSM,STEEP,77.56,-93.75,119.41,12.03,9.55,12.61,11.63,17.43,14.02,7.47,12.03,76733,27.55,77.51
brazil,S24MW047D,ALOS,md_MDT_sampa_ll_elev_1m_S24MW047D_1sec_area,DTM,ALL,77.56,-66.19,96.78,4.34,7.08,9.17,4.02,10.15,7.84,6.28,4.34,98984,16.64,100
brazil,S24MW047D,ALOS,md_MDT_sampa_ll_elev_1m_S24MW047D_1sec_area,DTM,FLAT,77.56,-44.08,17.87,-1.86,5.31,6.89,-1.34,7.14,5.40,1.14,1.86,19998,11.3,20.2
brazil,S24MW047D,ALOS,md_MDT_sampa_ll_elev_1m_S24MW047D_1sec_area,DTM,STEEP,77.56,-66.19,96.78,5.91,6.95,9.01,5.63,10.77,8.46,4.83,5.91,78986,17.55,79.8
brazil,S24MW047D,ALOS,md_MDS_sampa_ll_elev_1m_S24MW047D_1sec_area,DSM,ALL,77.56,-66.19,114.79,1.92,4.38,6.16,1.59,6.45,4.58,3.45,1.92,98993,9.65,100
brazil,S24MW047D,ALOS,md_MDS_sampa_ll_elev_1m_S24MW047D_1sec_area,DSM,FLAT,77.56,-51.98,17.11,-0.46,3.68,4.82,-0.24,4.84,3.69,0.72,0.46,22377,7.81,22.6
brazil,S24MW047D,ALOS,md_MDS_sampa_ll_elev_1m_S24MW047D_1sec_area,DSM,STEEP,77.56,-66.19,114.79,2.62,4.47,6.33,2.19,6.85,4.85,2.56,2.62,76616,10.17,77.4
brazil,S24MW047D,NASA,md_MDT_sampa_ll_elev_1m_S24MW047D_1sec_point,DTM,ALL,77.56,-204.19,104.40,12.12,11.70,14.83,11.33,19.15,15.11,12.61,12.12,98999,31.33,100
brazil,S24MW047D,NASA,md_MDT_sampa_ll_elev_1m_S24MW047D_1sec_point,DTM,FLAT,77.56,-68.18,17.91,-2.07,6.31,8.02,-1.46,8.28,6.40,2.26,2.07,19916,13.09,20.12
brazil,S24MW047D,NASA,md_MDT_sampa_ll_elev_1m_S24MW047D_1sec_point,DTM,STEEP,77.56,-204.19,104.40,15.70,10.78,13.98,15.16,21.02,17.30,9.62,15.70,79083,33.27,79.88
brazil,S24MW047D,NASA,md_MDS_sampa_ll_elev_1m_S24MW047D_1sec_point,DSM,ALL,77.56,-204.19,132.74,9.69,10.21,13.24,9.03,16.41,12.76,10.50,9.69,98999,26.53,100
brazil,S24MW047D,NASA,md_MDS_sampa_ll_elev_1m_S24MW047D_1sec_point,DSM,FLAT,77.56,-68.68,17.84,-1.35,6.01,7.64,-0.77,7.76,6.02,2.09,1.35,22266,12.38,22.49
brazil,S24MW047D,NASA,md_MDS_sampa_ll_elev_1m_S24MW047D_1sec_point,DSM,STEEP,77.56,-204.19,132.74,12.90,9.61,12.79,12.53,18.17,14.71,7.79,12.90,76733,28.44,77.51
brazil,S24MW047D,ASTER,md_MDT_sampa_ll_elev_1m_S24MW047D_1sec_point,DTM,ALL,77.56,-121.51,147.90,9.18,15.19,19.31,8.84,21.38,16.84,14.00,9.18,98999,35.08,100
brazil,S24MW047D,ASTER,md_MDT_sampa_ll_elev_1m_S24MW047D_1sec_point,DTM,FLAT,77.56,-78.74,17.84,-8.78,9.68,12.37,-6.99,15.16,11.31,2.55,8.78,19916,25.41,20.12
brazil,S24MW047D,ASTER,md_MDT_sampa_ll_elev_1m_S24MW047D_1sec_point,DTM,STEEP,77.56,-121.51,147.90,13.70,13.96,18.07,13.68,22.68,18.23,10.74,13.70,79083,36.68,79.88
brazil,S24MW047D,ASTER,md_MDS_sampa_ll_elev_1m_S24MW047D_1sec_point,DSM,ALL,77.56,-125.67,139.66,6.75,14.11,18.18,6.55,19.39,15.09,12.33,6.75,98999,31.42,100
brazil,S24MW047D,ASTER,md_MDS_sampa_ll_elev_1m_S24MW047D_1sec_point,DSM,FLAT,77.56,-78.74,17.93,-8.22,9.52,12.16,-6.36,14.68,10.90,2.51,8.22,22266,24.61,22.49
brazil,S24MW047D,ASTER,md_MDS_sampa_ll_elev_1m_S24MW047D_1sec_point,DSM,STEEP,77.56,-125.67,139.66,11.10,13.19,17.31,11.25,20.56,16.30,9.23,11.10,76733,32.81,77.51
brazil,S24MW047D,FABDEM,md_MDT_sampa_ll_elev_1m_S24MW047D_1sec_point,DTM,ALL,77.56,-77.04,122.35,7.87,12.45,15.88,7.18,17.73,13.84,11.27,7.87,98999,29.14,100
brazil,S24MW047D,FABDEM,md_MDT_sampa_ll_elev_1m_S24MW047D_1sec_point,DTM,FLAT,77.56,-69.84,17.96,-3.28,9.32,11.61,-1.41,12.06,9.27,2.05,3.28,19916,19.43,20.12
brazil,S24MW047D,FABDEM,md_MDT_sampa_ll_elev_1m_S24MW047D_1sec_point,DTM,STEEP,77.56,-77.04,122.35,10.68,12.33,15.58,10.28,18.89,14.99,8.65,10.68,79083,30.72,79.88
brazil,S24MW047D,FABDEM,md_MDS_sampa_ll_elev_1m_S24MW047D_1sec_point,DSM,ALL,77.56,-78.52,132.75,5.44,11.61,15.05,4.78,16.00,12.29,9.81,5.44,98999,26.02,100
brazil,S24MW047D,FABDEM,md_MDS_sampa_ll_elev_1m_S24MW047D_1sec_point,DSM,FLAT,77.56,-73.16,17.95,-3.30,9.14,11.39,-1.74,11.86,9.16,2.05,3.30,22266,19.27,22.49
brazil,S24MW047D,FABDEM,md_MDS_sampa_ll_elev_1m_S24MW047D_1sec_point,DSM,STEEP,77.56,-78.52,132.75,7.98,11.73,15.03,7.31,17.02,13.19,7.29,7.98,76733,27.4,77.51
brazil,S24TW047D,COP,md_MDT_sampa_ll_elev_1m_S24TW047D_1sec_point,DTM,ALL,99.15,-49.51,43.17,-3.36,4.25,5.93,-2.81,6.81,4.98,3.69,3.36,127092,10.9,100
brazil,S24TW047D,COP,md_MDT_sampa_ll_elev_1m_S24TW047D_1sec_point,DTM,FLAT,99.15,-49.51,17.34,-3.70,4.06,5.55,-2.97,6.67,4.87,3.46,3.70,121018,10.68,95.22
brazil,S24TW047D,COP,md_MDT_sampa_ll_elev_1m_S24TW047D_1sec_point,DTM,STEEP,99.15,-43.33,43.17,3.50,6.41,8.56,3.31,9.25,7.00,0.15,3.50,6074,14.93,4.78
brazil,S24TW047D,COP,md_MDS_sampa_ll_elev_1m_S24TW047D_1sec_point,DSM,ALL,99.15,-72.55,241.84,7.15,9.66,14.93,3.50,16.55,9.74,5.36,7.15,127083,23.52,100
brazil,S24TW047D,COP,md_MDS_sampa_ll_elev_1m_S24TW047D_1sec_point,DSM,FLAT,99.15,-68.63,17.95,1.04,4.43,5.78,1.15,5.88,4.53,3.34,1.04,88751,9.74,69.84
brazil,S24TW047D,COP,md_MDS_sampa_ll_elev_1m_S24TW047D_1sec_point,DSM,STEEP,99.15,-72.55,241.84,21.28,13.16,19.38,17.27,28.78,21.78,1.32,21.28,38332,42.79,30.16
brazil,S24TW047D,SRTM,md_MDT_sampa_ll_elev_1m_S24TW047D_1sec_point,DTM,ALL,99.15,-107.06,43.37,-3.90,4.94,7.25,-3.17,8.23,5.79,4.18,3.90,127092,12.55,100
brazil,S24TW047D,SRTM,md_MDT_sampa_ll_elev_1m_S24TW047D_1sec_point,DTM,FLAT,99.15,-107.06,17.23,-4.36,4.70,6.81,-3.34,8.09,5.66,3.93,4.36,121018,12.17,95.22
brazil,S24TW047D,SRTM,md_MDT_sampa_ll_elev_1m_S24TW047D_1sec_point,DTM,STEEP,99.15,-70.74,43.37,5.18,7.05,9.33,5.58,10.67,8.48,0.20,5.18,6074,16.75,4.78
brazil,S24TW047D,SRTM,md_MDS_sampa_ll_elev_1m_S24TW047D_1sec_point,DSM,ALL,99.15,-107.06,241.04,6.60,9.72,14.93,3.48,16.33,9.92,5.83,6.60,127083,23.19,100
brazil,S24TW047D,SRTM,md_MDS_sampa_ll_elev_1m_S24TW047D_1sec_point,DSM,FLAT,99.15,-107.06,17.91,0.64,4.97,6.63,0.98,6.66,5.03,3.67,0.64,88751,10.53,69.84
brazil,S24TW047D,SRTM,md_MDS_sampa_ll_elev_1m_S24TW047D_1sec_point,DSM,STEEP,99.15,-89.84,241.04,20.42,12.77,19.08,16.85,27.95,21.24,1.47,20.42,38332,41.31,30.16
brazil,S24TW047D,ALOS,md_MDT_sampa_ll_elev_1m_S24TW047D_1sec_area,DTM,ALL,99.15,-152.61,46.87,-7.24,7.92,12.47,-3.64,14.42,8.27,4.19,7.24,127083,20.83,100
brazil,S24TW047D,ALOS,md_MDT_sampa_ll_elev_1m_S24TW047D_1sec_area,DTM,FLAT,99.15,-152.61,17.57,-7.53,7.94,12.45,-3.80,14.55,8.34,3.90,7.53,120943,21.12,95.17
brazil,S24TW047D,ALOS,md_MDT_sampa_ll_elev_1m_S24TW047D_1sec_area,DTM,STEEP,99.15,-89.64,46.87,-1.45,7.06,11.46,0.11,11.55,6.90,0.19,1.45,6140,16.13,4.83
brazil,S24TW047D,ALOS,md_MDS_sampa_ll_elev_1m_S24TW047D_1sec_area,DSM,ALL,99.15,-152.61,242.05,3.27,8.06,14.15,1.70,14.53,8.11,4.16,3.27,127092,19.62,100
brazil,S24TW047D,ALOS,md_MDS_sampa_ll_elev_1m_S24TW047D_1sec_area,DSM,FLAT,99.15,-152.61,17.89,-0.00,4.48,7.16,0.70,7.16,4.48,2.62,0.00,88676,9.32,69.77
brazil,S24TW047D,ALOS,md_MDS_sampa_ll_elev_1m_S24TW047D_1sec_area,DSM,STEEP,99.15,-109.46,242.05,10.82,14.25,21.51,8.84,24.08,16.48,1.07,10.82,38416,35.57,30.23
brazil,S24TW047D,NASA,md_MDT_sampa_ll_elev_1m_S24TW047D_1sec_point,DTM,ALL,99.15,-90.40,43.37,-3.45,4.59,6.61,-3.01,7.46,5.40,4.05,3.45,127092,11.56,100
brazil,S24TW047D,NASA,md_MDT_sampa_ll_elev_1m_S24TW047D_1sec_point,DTM,FLAT,99.15,-90.40,17.77,-3.92,4.32,6.12,-3.20,7.27,5.24,3.80,3.92,121018,11.14,95.22
brazil,S24TW047D,NASA,md_MDT_sampa_ll_elev_1m_S24TW047D_1sec_point,DTM,STEEP,99.15,-50.18,43.37,6.09,6.55,8.57,6.15,10.51,8.43,0.19,6.09,6074,16.6,4.78
brazil,S24TW047D,NASA,md_MDS_sampa_ll_elev_1m_S24TW047D_1sec_point,DSM,ALL,99.15,-90.40,239.06,7.06,9.74,14.89,3.72,16.48,9.97,5.77,7.06,127083,23.58,100
brazil,S24TW047D,NASA,md_MDS_sampa_ll_elev_1m_S24TW047D_1sec_point,DSM,FLAT,99.15,-90.40,17.96,0.89,4.77,6.25,1.09,6.32,4.85,3.65,0.89,88751,10.24,69.84
brazil,S24TW047D,NASA,md_MDS_sampa_ll_elev_1m_S24TW047D_1sec_point,DSM,STEEP,99.15,-69.73,239.06,21.34,12.61,18.77,17.43,28.42,21.82,1.46,21.34,38332,42.07,30.16
brazil,S24TW047D,ASTER,md_MDT_sampa_ll_elev_1m_S24TW047D_1sec_point,DTM,ALL,99.15,-102.21,50.02,-7.01,6.36,8.62,-6.33,11.11,8.59,6.99,7.01,127092,17.65,100
brazil,S24TW047D,ASTER,md_MDT_sampa_ll_elev_1m_S24TW047D_1sec_point,DTM,FLAT,99.15,-102.21,17.80,-7.58,6.07,8.11,-6.64,11.10,8.57,6.64,7.58,121018,17.63,95.22
brazil,S24TW047D,ASTER,md_MDT_sampa_ll_elev_1m_S24TW047D_1sec_point,DTM,STEEP,99.15,-54.41,50.02,4.30,8.08,10.49,4.58,11.33,8.91,0.35,4.30,6074,17.91,4.78
brazil,S24TW047D,ASTER,md_MDS_sampa_ll_elev_1m_S24TW047D_1sec_point,DSM,ALL,99.15,-102.21,239.88,3.49,10.30,15.44,0.87,15.83,10.05,6.58,3.49,127083,22.07,100
brazil,S24TW047D,ASTER,md_MDS_sampa_ll_elev_1m_S24TW047D_1sec_point,DSM,FLAT,99.15,-102.21,17.90,-2.63,5.95,7.71,-2.06,8.15,6.17,4.28,2.63,88751,12.82,69.84
brazil,S24TW047D,ASTER,md_MDS_sampa_ll_elev_1m_S24TW047D_1sec_point,DSM,STEEP,99.15,-70.70,239.88,17.68,12.86,19.10,14.55,26.03,19.03,1.74,17.68,38332,38.7,30.16
brazil,S24TW047D,FABDEM,md_MDT_sampa_ll_elev_1m_S24TW047D_1sec_point,DTM,ALL,99.15,-39.77,56.05,1.08,2.83,4.54,0.59,4.67,2.86,1.49,1.08,127092,7.3,100
brazil,S24TW047D,FABDEM,md_MDT_sampa_ll_elev_1m_S24TW047D_1sec_point,DTM,FLAT,99.15,-39.77,17.63,0.59,2.37,3.70,0.51,3.75,2.44,1.38,0.59,121018,6.17,95.22
brazil,S24TW047D,FABDEM,md_MDT_sampa_ll_elev_1m_S24TW047D_1sec_point,DTM,STEEP,99.15,-33.37,56.05,10.81,5.83,7.71,10.35,13.28,11.28,0.05,10.81,6074,20.25,4.78
brazil,S24TW047D,FABDEM,md_MDS_sampa_ll_elev_1m_S24TW047D_1sec_point,DSM,ALL,99.15,-73.18,247.99,11.59,10.01,15.21,7.49,19.12,12.31,7.75,11.59,127083,28.54,100
brazil,S24TW047D,FABDEM,md_MDS_sampa_ll_elev_1m_S24TW047D_1sec_point,DSM,FLAT,99.15,-69.79,17.97,4.92,4.18,5.34,4.74,7.26,5.93,5.03,4.92,88751,12.14,69.84
brazil,S24TW047D,FABDEM,md_MDS_sampa_ll_elev_1m_S24TW047D_1sec_point,DSM,STEEP,99.15,-73.18,247.99,27.02,12.78,18.98,22.39,33.02,27.08,2.09,27.02,38332,48.12,30.16
brazil,S24TW047F,COP,md_MDT_sampa_ll_elev_1m_S24TW047F_1sec_point,DTM,ALL,98.59,-47.81,43.98,-1.34,3.39,4.75,-1.11,4.93,3.53,2.58,1.34,126281,7.68,100
brazil,S24TW047F,COP,md_MDT_sampa_ll_elev_1m_S24TW047F_1sec_point,DTM,FLAT,98.59,-47.81,17.32,-1.60,3.26,4.50,-1.23,4.77,3.43,2.42,1.60,120048,7.46,95.06
brazil,S24TW047F,COP,md_MDT_sampa_ll_elev_1m_S24TW047F_1sec_point,DTM,STEEP,98.59,-29.08,43.98,3.57,4.76,6.40,3.00,7.33,5.44,0.11,3.57,6233,11.96,4.94
brazil,S24TW047F,COP,md_MDS_sampa_ll_elev_1m_S24TW047F_1sec_point,DSM,ALL,98.59,-47.81,161.98,2.58,5.42,8.63,1.31,9.01,5.44,3.48,2.58,126281,11.4,100
brazil,S24TW047F,COP,md_MDS_sampa_ll_elev_1m_S24TW047F_1sec_point,DSM,FLAT,98.59,-47.81,17.03,0.51,3.76,4.92,0.55,4.95,3.79,2.83,0.51,106745,8.11,84.53
brazil,S24TW047F,COP,md_MDS_sampa_ll_elev_1m_S24TW047F_1sec_point,DSM,STEEP,98.59,-42.96,161.98,13.89,10.02,14.05,10.81,19.76,14.45,0.47,13.89,19536,30.84,15.47
brazil,S24TW047F,SRTM,md_MDT_sampa_ll_elev_1m_S24TW047F_1sec_point,DTM,ALL,98.59,-50.09,41.68,-0.88,3.76,5.11,-0.97,5.18,3.85,2.99,0.88,126281,8.11,100
brazil,S24TW047F,SRTM,md_MDT_sampa_ll_elev_1m_S24TW047F_1sec_point,DTM,FLAT,98.59,-50.09,17.99,-1.25,3.55,4.76,-1.16,4.92,3.68,2.81,1.25,120048,7.72,95.06
brazil,S24TW047F,SRTM,md_MDT_sampa_ll_elev_1m_S24TW047F_1sec_point,DTM,STEEP,98.59,-22.11,41.68,6.09,4.98,6.42,5.84,8.85,7.09,0.14,6.09,6233,14.14,4.94
brazil,S24TW047F,SRTM,md_MDS_sampa_ll_elev_1m_S24TW047F_1sec_point,DSM,ALL,98.59,-50.09,158.95,3.04,5.82,8.90,1.78,9.41,5.93,3.95,3.04,126281,12.43,100
brazil,S24TW047F,SRTM,md_MDS_sampa_ll_elev_1m_S24TW047F_1sec_point,DSM,FLAT,98.59,-50.09,17.97,0.80,4.09,5.29,0.83,5.35,4.15,3.22,0.80,106745,8.75,84.53
brazil,S24TW047F,SRTM,md_MDS_sampa_ll_elev_1m_S24TW047F_1sec_point,DSM,STEEP,98.59,-42.79,158.95,15.30,9.40,13.49,12.80,20.40,15.66,0.54,15.30,19536,31.04,15.47
brazil,S24TW047F,ALOS,md_MDT_sampa_ll_elev_1m_S24TW047F_1sec_area,DTM,ALL,98.59,-143.56,39.45,-2.08,3.44,6.03,-1.21,6.38,3.54,2.22,2.08,126244,7.19,100
brazil,S24TW047F,ALOS,md_MDT_sampa_ll_elev_1m_S24TW047F_1sec_area,DTM,FLAT,98.59,-143.56,17.45,-2.22,3.44,6.04,-1.29,6.43,3.55,2.09,2.22,120032,7.21,95.08
brazil,S24TW047F,ALOS,md_MDT_sampa_ll_elev_1m_S24TW047F_1sec_area,DTM,STEEP,98.59,-84.67,39.45,0.76,3.36,5.17,0.68,5.22,3.41,0.10,0.76,6212,6.95,4.92
brazil,S24TW047F,ALOS,md_MDS_sampa_ll_elev_1m_S24TW047F_1sec_area,DSM,ALL,98.59,-143.56,138.81,1.86,4.35,7.89,0.84,8.11,4.31,2.44,1.86,126253,8.86,100
brazil,S24TW047F,ALOS,md_MDS_sampa_ll_elev_1m_S24TW047F_1sec_area,DSM,FLAT,98.59,-143.56,17.89,0.41,2.93,4.37,0.43,4.39,2.96,1.99,0.41,106730,6.28,84.54
brazil,S24TW047F,ALOS,md_MDS_sampa_ll_elev_1m_S24TW047F_1sec_area,DSM,STEEP,98.59,-87.13,138.81,9.79,10.41,14.96,5.90,17.88,11.73,0.33,9.79,19523,28.31,15.46
brazil,S24TW047F,NASA,md_MDT_sampa_ll_elev_1m_S24TW047F_1sec_point,DTM,ALL,98.59,-49.52,41.68,-0.64,3.60,4.85,-0.80,4.90,3.66,2.85,0.64,126281,7.7,100
brazil,S24TW047F,NASA,md_MDT_sampa_ll_elev_1m_S24TW047F_1sec_point,DTM,FLAT,98.59,-49.52,17.45,-1.02,3.36,4.47,-1.00,4.58,3.47,2.68,1.02,120048,7.24,95.06
brazil,S24TW047F,NASA,md_MDT_sampa_ll_elev_1m_S24TW047F_1sec_point,DTM,STEEP,98.59,-19.03,41.68,6.70,4.60,6.00,6.34,8.99,7.30,0.13,6.70,6233,14.25,4.94
brazil,S24TW047F,NASA,md_MDS_sampa_ll_elev_1m_S24TW047F_1sec_point,DSM,ALL,98.59,-49.52,162.41,3.28,5.70,8.77,1.92,9.37,5.84,3.86,3.28,126281,12.26,100
brazil,S24TW047F,NASA,md_MDS_sampa_ll_elev_1m_S24TW047F_1sec_point,DSM,FLAT,98.59,-49.52,17.85,1.00,3.91,5.02,0.96,5.12,3.99,3.13,1.00,106745,8.42,84.53
brazil,S24TW047F,NASA,md_MDS_sampa_ll_elev_1m_S24TW047F_1sec_point,DSM,STEEP,98.59,-42.84,162.41,15.75,9.21,13.26,13.06,20.59,15.97,0.53,15.75,19536,31.24,15.47
brazil,S24TW047F,ASTER,md_MDT_sampa_ll_elev_1m_S24TW047F_1sec_point,DTM,ALL,98.59,-64.29,39.90,-4.86,6.19,8.10,-4.42,9.44,7.26,5.80,4.86,126281,15.31,100
brazil,S24TW047F,ASTER,md_MDT_sampa_ll_elev_1m_S24TW047F_1sec_point,DTM,FLAT,98.59,-64.29,17.49,-5.36,5.95,7.72,-4.72,9.39,7.20,5.47,5.36,120048,15.2,95.06
brazil,S24TW047F,ASTER,md_MDT_sampa_ll_elev_1m_S24TW047F_1sec_point,DTM,STEEP,98.59,-52.28,39.90,4.66,7.22,9.25,5.17,10.36,8.39,0.28,4.66,6233,16.54,4.94
brazil,S24TW047F,ASTER,md_MDS_sampa_ll_elev_1m_S24TW047F_1sec_point,DSM,ALL,98.59,-64.29,149.88,-0.94,7.40,10.54,-1.46,10.59,7.49,5.57,0.94,126281,15.83,100
brazil,S24TW047F,ASTER,md_MDS_sampa_ll_elev_1m_S24TW047F_1sec_point,DSM,FLAT,98.59,-64.29,17.88,-3.28,5.96,7.67,-2.65,8.34,6.34,4.55,3.28,106745,13.4,84.53
brazil,S24TW047F,ASTER,md_MDS_sampa_ll_elev_1m_S24TW047F_1sec_point,DSM,STEEP,98.59,-52.28,149.88,11.86,9.99,14.25,10.39,18.54,13.79,0.78,11.86,19536,27.86,15.47
brazil,S24TW047F,FABDEM,md_MDT_sampa_ll_elev_1m_S24TW047F_1sec_point,DTM,ALL,98.59,-32.57,46.58,2.16,3.24,4.51,1.31,5.00,3.42,2.21,2.16,126281,8.13,100
brazil,S24TW047F,FABDEM,md_MDT_sampa_ll_elev_1m_S24TW047F_1sec_point,DTM,FLAT,98.59,-32.57,17.53,1.66,2.81,3.81,1.14,4.16,2.99,2.04,1.66,120048,7.1,95.06
brazil,S24TW047F,FABDEM,md_MDT_sampa_ll_elev_1m_S24TW047F_1sec_point,DTM,STEEP,98.59,-14.82,46.58,11.69,4.69,6.15,11.32,13.21,11.77,0.08,11.69,6233,19.05,4.94
brazil,S24TW047F,FABDEM,md_MDS_sampa_ll_elev_1m_S24TW047F_1sec_point,DSM,ALL,98.59,-43.45,164.37,6.08,5.81,8.90,4.42,10.78,7.09,4.87,6.08,126281,15.04,100
brazil,S24TW047F,FABDEM,md_MDS_sampa_ll_elev_1m_S24TW047F_1sec_point,DSM,FLAT,98.59,-42.68,17.86,3.60,3.75,4.79,3.42,5.99,4.78,3.98,3.60,106745,10.01,84.53
brazil,S24TW047F,FABDEM,md_MDS_sampa_ll_elev_1m_S24TW047F_1sec_point,DSM,STEEP,98.59,-43.45,164.37,19.64,8.99,12.99,16.95,23.55,19.67,0.67,19.64,19536,34.86,15.47
brazil,S24TW047G,COP,md_MDT_sampa_ll_elev_1m_S24TW047G_1sec_point,DTM,ALL,99.45,-87.62,211.91,-0.31,4.56,7.39,-0.35,7.39,4.57,2.94,0.31,127440,10.16,100
brazil,S24TW047G,COP,md_MDT_sampa_ll_elev_1m_S24TW047G_1sec_point,DTM,FLAT,99.45,-87.62,17.74,-1.35,3.77,5.53,-0.76,5.69,3.80,2.31,1.35,105556,8.25,82.83
brazil,S24TW047G,COP,md_MDT_sampa_ll_elev_1m_S24TW047G_1sec_point,DTM,STEEP,99.45,-65.28,211.91,4.73,7.61,11.82,3.66,12.73,8.29,0.43,4.73,21884,17.97,17.17
brazil,S24TW047G,COP,md_MDS_sampa_ll_elev_1m_S24TW047G_1sec_point,DSM,ALL,99.45,-93.84,218.47,1.65,5.44,8.44,0.97,8.60,5.47,3.67,1.65,127431,11.89,100
brazil,S24TW047G,COP,md_MDS_sampa_ll_elev_1m_S24TW047G_1sec_point,DSM,FLAT,99.45,-93.84,17.20,-0.30,4.03,5.51,0.03,5.52,4.02,2.64,0.30,96902,8.53,76.04
brazil,S24TW047G,COP,md_MDS_sampa_ll_elev_1m_S24TW047G_1sec_point,DSM,STEEP,99.45,-65.28,218.47,7.83,8.17,12.28,6.39,14.57,10.09,0.78,7.83,30529,21.09,23.96
brazil,S24TW047G,SRTM,md_MDT_sampa_ll_elev_1m_S24TW047G_1sec_point,DTM,ALL,99.45,-103.12,201.82,0.39,4.94,7.56,0.07,7.57,4.93,3.48,0.39,127440,10.51,100
brazil,S24TW047G,SRTM,md_MDT_sampa_ll_elev_1m_S24TW047G_1sec_point,DTM,FLAT,99.45,-95.96,17.73,-0.97,4.03,5.62,-0.60,5.70,4.05,2.78,0.97,105556,8.42,82.83
brazil,S24TW047G,SRTM,md_MDT_sampa_ll_elev_1m_S24TW047G_1sec_point,DTM,STEEP,99.45,-103.12,201.82,6.97,7.33,11.34,6.23,13.31,9.21,0.53,6.97,21884,18.66,17.17
brazil,S24TW047G,SRTM,md_MDS_sampa_ll_elev_1m_S24TW047G_1sec_point,DSM,ALL,99.45,-103.12,208.38,2.35,5.90,8.81,1.50,9.12,6.00,4.20,2.35,127431,12.79,100
brazil,S24TW047G,SRTM,md_MDS_sampa_ll_elev_1m_S24TW047G_1sec_point,DSM,FLAT,99.45,-102.65,17.81,-0.06,4.33,5.85,0.24,5.85,4.33,3.03,0.06,96902,9,76.04
brazil,S24TW047G,SRTM,md_MDS_sampa_ll_elev_1m_S24TW047G_1sec_point,DSM,STEEP,99.45,-103.12,208.38,10.00,7.89,11.78,8.76,15.45,11.30,0.89,10.00,30529,22.57,23.96
brazil,S24TW047G,ALOS,md_MDT_sampa_ll_elev_1m_S24TW047G_1sec_area,DTM,ALL,99.45,-70.69,230.78,11.95,6.27,9.14,10.21,15.04,11.96,10.21,11.95,127449,22.17,100
brazil,S24TW047G,ALOS,md_MDT_sampa_ll_elev_1m_S24TW047G_1sec_area,DTM,FLAT,99.45,-70.69,18.00,8.88,3.79,4.51,8.79,9.96,8.89,8.79,8.88,105495,15.19,82.77
brazil,S24TW047G,ALOS,md_MDT_sampa_ll_elev_1m_S24TW047G_1sec_area,DTM,STEEP,99.45,-64.63,230.78,26.69,6.88,11.15,23.46,28.93,26.73,2.81,26.69,21954,38.36,17.23
brazil,S24TW047G,ALOS,md_MDS_sampa_ll_elev_1m_S24TW047G_1sec_area,DSM,ALL,99.45,-70.69,240.12,13.90,7.22,10.51,11.67,17.43,13.90,11.67,13.90,127440,25.8,100
brazil,S24TW047G,ALOS,md_MDS_sampa_ll_elev_1m_S24TW047G_1sec_area,DSM,FLAT,99.45,-70.69,18.00,9.53,3.74,4.44,9.52,10.51,9.54,9.52,9.53,97061,15.69,76.16
brazil,S24TW047G,ALOS,md_MDS_sampa_ll_elev_1m_S24TW047G_1sec_area,DSM,STEEP,99.45,-69.84,240.12,27.85,7.81,12.03,24.14,30.34,27.88,4.52,27.85,30379,41.25,23.84
brazil,S24TW047G,NASA,md_MDT_sampa_ll_elev_1m_S24TW047G_1sec_point,DTM,ALL,99.45,-91.53,205.38,0.74,4.74,7.32,0.30,7.36,4.73,3.29,0.74,127440,10.12,100
brazil,S24TW047G,NASA,md_MDT_sampa_ll_elev_1m_S24TW047G_1sec_point,DTM,FLAT,99.45,-85.94,17.54,-0.67,3.76,5.27,-0.37,5.31,3.77,2.62,0.67,105556,7.83,82.83
brazil,S24TW047G,NASA,md_MDT_sampa_ll_elev_1m_S24TW047G_1sec_point,DTM,STEEP,99.45,-91.53,205.38,7.50,7.11,11.09,6.69,13.39,9.37,0.50,7.50,21884,18.79,17.17
brazil,S24TW047G,NASA,md_MDS_sampa_ll_elev_1m_S24TW047G_1sec_point,DSM,ALL,99.45,-91.53,211.94,2.69,5.76,8.64,1.74,9.05,5.90,4.07,2.69,127431,12.67,100
brazil,S24TW047G,NASA,md_MDS_sampa_ll_elev_1m_S24TW047G_1sec_point,DSM,FLAT,99.45,-85.94,17.83,0.23,4.10,5.52,0.44,5.53,4.11,2.94,0.23,96902,8.54,76.04
brazil,S24TW047G,NASA,md_MDS_sampa_ll_elev_1m_S24TW047G_1sec_point,DSM,STEEP,99.45,-91.53,211.94,10.52,7.71,11.60,9.17,15.66,11.59,0.87,10.52,30529,22.8,23.96
brazil,S24TW047G,ASTER,md_MDT_sampa_ll_elev_1m_S24TW047G_1sec_point,DTM,ALL,99.45,-80.63,222.96,-2.13,6.73,9.54,-2.06,9.78,6.96,5.26,2.13,127440,14.8,100
brazil,S24TW047G,ASTER,md_MDT_sampa_ll_elev_1m_S24TW047G_1sec_point,DTM,FLAT,99.45,-80.63,17.97,-3.72,5.82,7.68,-2.99,8.53,6.31,4.19,3.72,105556,13.34,82.83
brazil,S24TW047G,ASTER,md_MDT_sampa_ll_elev_1m_S24TW047G_1sec_point,DTM,STEEP,99.45,-65.58,222.96,5.55,9.05,13.22,5.19,14.34,10.11,0.81,5.55,21884,20.37,17.17
brazil,S24TW047G,ASTER,md_MDS_sampa_ll_elev_1m_S24TW047G_1sec_point,DSM,ALL,99.45,-87.23,229.52,-0.17,7.37,10.48,-0.59,10.48,7.38,5.49,0.17,127431,15.63,100
brazil,S24TW047G,ASTER,md_MDS_sampa_ll_elev_1m_S24TW047G_1sec_point,DSM,FLAT,99.45,-87.23,18.00,-2.83,5.85,7.63,-2.15,8.14,6.09,4.00,2.83,96902,12.75,76.04
brazil,S24TW047G,ASTER,md_MDS_sampa_ll_elev_1m_S24TW047G_1sec_point,DSM,STEEP,99.45,-65.58,229.52,8.25,9.30,13.43,7.69,15.76,11.46,1.20,8.25,30529,23.16,23.96
brazil,S24TW047G,FABDEM,md_MDT_sampa_ll_elev_1m_S24TW047G_1sec_point,DTM,ALL,99.45,-102.88,209.53,3.02,4.93,7.56,2.42,8.14,5.40,3.78,3.02,127440,11.9,100
brazil,S24TW047G,FABDEM,md_MDT_sampa_ll_elev_1m_S24TW047G_1sec_point,DTM,FLAT,99.45,-102.88,17.52,1.61,3.80,5.39,1.74,5.62,4.11,2.95,1.61,105556,8.88,82.83
brazil,S24TW047G,FABDEM,md_MDT_sampa_ll_elev_1m_S24TW047G_1sec_point,DTM,STEEP,99.45,-62.47,209.53,9.85,7.50,11.67,9.76,15.27,11.62,0.51,9.85,21884,20.94,17.17
brazil,S24TW047G,FABDEM,md_MDS_sampa_ll_elev_1m_S24TW047G_1sec_point,DSM,ALL,99.45,-109.11,216.09,4.98,6.00,8.97,3.97,10.26,7.00,5.05,4.98,127431,14.98,100
brazil,S24TW047G,FABDEM,md_MDS_sampa_ll_elev_1m_S24TW047G_1sec_point,DSM,FLAT,99.45,-109.11,17.73,2.47,4.17,5.61,2.68,6.13,4.76,3.63,2.47,96902,9.86,76.04
brazil,S24TW047G,FABDEM,md_MDS_sampa_ll_elev_1m_S24TW047G_1sec_point,DSM,STEEP,99.45,-63.80,216.09,12.96,8.10,12.34,12.25,17.89,14.10,1.08,12.96,30529,25.3,23.96
us_3dep,N38VW124H,COP,california_coast_point,DTM,ALL,93.85,-113.30,80.82,2.25,10.35,14.41,1.63,14.58,10.47,7.50,2.25,121997,23.67,100
us_3dep,N38VW124H,COP,california_coast_point,DTM,FLAT,93.85,-113.30,17.89,-4.55,7.56,11.02,-1.79,11.92,7.36,1.67,4.55,35895,16.88,29.42
us_3dep,N38VW124H,COP,california_coast_point,DTM,STEEP,93.85,-93.66,80.82,5.09,10.96,14.70,4.96,15.56,11.76,4.77,5.09,86102,25.29,70.58
us_3dep,N38VW124J,COP,california_coast_point,DTM,ALL,100.00,-113.30,82.46,3.03,11.13,14.74,2.64,15.05,11.36,8.71,3.03,130312,24.88,100
us_3dep,N38VW124J,COP,california_coast_point,DTM,FLAT,100.00,-113.30,17.89,-6.76,9.19,12.45,-3.57,14.16,9.39,0.87,6.76,14946,23.56,11.47
us_3dep,N38VW124J,COP,california_coast_point,DTM,STEEP,100.00,-93.66,82.46,4.30,11.13,14.54,3.93,15.16,11.62,7.48,4.30,115366,24.99,88.53
us_3dep,N38VW124K,COP,california_coast_point,DTM,ALL,85.19,-113.30,82.46,3.18,9.82,12.88,2.79,13.26,10.10,7.89,3.18,110457,21.88,100
us_3dep,N38VW124K,COP,california_coast_point,DTM,FLAT,85.19,-113.30,17.89,-8.27,9.14,11.72,-6.19,14.34,10.49,0.53,8.27,8235,24.27,7.46
us_3dep,N38VW124K,COP,california_coast_point,DTM,STEEP,85.19,-93.66,82.46,4.11,9.61,12.52,3.57,13.17,10.06,7.17,4.11,102222,21.71,92.54
us_3dep,N38XW124H,COP,california_coast_point,DTM,ALL,100.00,-113.30,90.30,3.92,10.84,14.31,3.15,14.83,11.16,8.54,3.92,130312,24.5,100
us_3dep,N38XW124H,COP,california_coast_point,DTM,FLAT,100.00,-113.30,17.89,-5.23,7.87,10.83,-2.81,12.02,8.03,1.24,5.23,22276,18.79,17.09
us_3dep,N38XW124H,COP,california_coast_point,DTM,STEEP,100.00,-93.66,90.30,5.81,10.95,14.21,5.23,15.35,11.80,6.76,5.81,108036,25.25,82.91
us_3dep,N38XW124J,COP,california_coast_point,DTM,ALL,100.00,-113.30,90.30,3.12,10.59,13.86,2.72,14.21,10.83,8.49,3.12,130321,23.33,100
us_3dep,N38XW124J,COP,california_coast_point,DTM,FLAT,100.00,-113.30,17.89,-8.64,9.72,12.65,-6.26,15.32,11.02,0.51,8.64,9045,25.4,6.94
us_3dep,N38XW124J,COP,california_coast_point,DTM,STEEP,100.00,-93.66,90.30,3.99,10.42,13.54,3.48,14.12,10.82,7.77,3.99,121276,23.22,93.06
us_3dep,N38XW124K,COP,california_coast_point,DTM,ALL,85.04,-113.30,90.30,2.85,9.94,13.05,2.45,13.36,10.15,7.90,2.85,110466,21.93,100
us_3dep,N38XW124K,COP,california_coast_point,DTM,FLAT,85.04,-113.30,17.96,-6.54,8.34,10.95,-4.75,12.76,9.19,0.70,6.54,10895,20.98,9.86
us_3dep,N38XW124K,COP,california_coast_point,DTM,STEEP,85.04,-93.66,90.30,3.88,9.85,12.85,3.41,13.42,10.25,6.98,3.88,99571,22.01,90.14
us_3dep,N38VW124H,SRTM,california_coast_point,DTM,ALL,93.85,-60.42,74.45,5.46,9.50,12.53,3.76,13.66,9.96,7.21,5.46,121997,22.68,100
us_3dep,N38VW124H,SRTM,california_coast_point,DTM,FLAT,93.85,-60.42,17.94,-1.81,5.34,7.18,-0.71,7.41,5.29,1.70,1.81,35895,11.67,29.42
us_3dep,N38VW124H,SRTM,california_coast_point,DTM,STEEP,93.85,-51.64,74.45,8.49,10.03,13.02,7.46,15.55,11.91,4.62,8.49,86102,25.5,70.58
us_3dep,N38VW124J,SRTM,california_coast_point,DTM,ALL,100.00,-62.82,87.34,7.72,10.76,13.89,6.65,15.89,12.14,9.49,7.72,130312,26.3,100
us_3dep,N38VW124J,SRTM,california_coast_point,DTM,FLAT,100.00,-62.82,17.94,-3.76,7.10,9.34,-2.16,10.07,7.23,0.97,3.76,14946,16.1,11.47
us_3dep,N38VW124J,SRTM,california_coast_point,DTM,STEEP,100.00,-52.59,87.34,9.20,10.64,13.69,8.28,16.50,12.78,8.19,9.20,115366,27.13,88.53
us_3dep,N38VW124K,SRTM,california_coast_point,DTM,ALL,85.19,-62.82,90.74,7.48,10.04,12.87,6.68,14.88,11.50,9.22,7.48,110457,24.48,100
us_3dep,N38VW124K,SRTM,california_coast_point,DTM,FLAT,85.19,-62.82,17.97,-5.33,7.29,9.23,-4.21,10.66,8.07,0.62,5.33,8235,17.79,7.46
us_3dep,N38VW124K,SRTM,california_coast_point,DTM,STEEP,85.19,-52.59,90.74,8.51,9.81,12.56,7.71,15.17,11.78,8.39,8.51,102222,24.97,92.54
us_3dep,N38XW124H,SRTM,california_coast_point,DTM,ALL,100.00,-62.82,90.74,7.57,10.46,13.48,6.04,15.46,11.62,8.83,7.57,130312,25.68,100
us_3dep,N38XW124H,SRTM,california_coast_point,DTM,FLAT,100.00,-62.82,17.97,-2.23,5.78,7.80,-1.06,8.12,5.78,1.29,2.23,22276,12.66,17.09
us_3dep,N38XW124H,SRTM,california_coast_point,DTM,STEEP,100.00,-56.09,90.74,9.60,10.52,13.52,8.59,16.58,12.83,6.92,9.60,108036,27.21,82.91
us_3dep,N38XW124J,SRTM,california_coast_point,DTM,ALL,100.00,-76.55,90.74,7.18,10.35,13.36,6.16,15.16,11.57,9.05,7.18,130321,24.99,100
us_3dep,N38XW124J,SRTM,california_coast_point,DTM,FLAT,100.00,-76.55,17.97,-5.51,7.52,9.68,-4.23,11.14,8.25,0.55,5.51,9045,18.15,6.94
us_3dep,N38XW124J,SRTM,california_coast_point,DTM,STEEP,100.00,-69.34,90.74,8.12,10.19,13.11,7.07,15.42,11.82,8.30,8.12,121276,25.38,93.06
us_3dep,N38XW124K,SRTM,california_coast_point,DTM,ALL,85.04,-76.55,90.74,7.09,10.10,13.03,5.88,14.84,11.25,8.70,7.09,110466,24.5,100
us_3dep,N38XW124K,SRTM,california_coast_point,DTM,FLAT,85.04,-76.55,17.99,-4.24,6.65,8.56,-3.37,9.55,7.19,0.74,4.24,10895,15.28,9.86
us_3dep,N38XW124K,SRTM,california_coast_point,DTM,STEEP,85.04,-69.34,90.74,8.33,9.97,12.84,7.15,15.31,11.69,7.65,8.33,99571,25.24,90.14
us_3dep,N38VW124H,ALOS,california_coast_area,DTM,ALL,93.85,-93.83,63.95,0.26,9.54,13.44,0.60,13.44,9.55,6.80,0.26,122080,21.64,100
us_3dep,N38VW124H,ALOS,california_coast_area,DTM,FLAT,93.85,-93.83,17.86,-5.01,7.61,10.83,-2.04,11.94,7.43,1.46,5.01,35736,18.19,29.27
us_3dep,N38VW124H,ALOS,california_coast_area,DTM,STEEP,93.85,-93.81,63.95,2.44,10.14,13.80,2.83,14.02,10.43,4.28,2.44,86344,22.6,70.73
us_3dep,N38VW124J,ALOS,california_coast_area,DTM,ALL,100.00,-105.89,69.63,0.89,9.51,13.07,0.96,13.10,9.55,6.85,0.89,130312,21.66,100
us_3dep,N38VW124J,ALOS,california_coast_area,DTM,FLAT,100.00,-93.83,17.86,-5.19,7.84,11.10,-2.37,12.26,7.74,0.65,5.19,14911,19.59,11.44
us_3dep,N38VW124J,ALOS,california_coast_area,DTM,STEEP,100.00,-105.89,69.63,1.68,9.67,13.09,1.69,13.20,9.78,5.81,1.68,115401,21.81,88.56
us_3dep,N38VW124K,ALOS,california_coast_area,DTM,ALL,85.19,-105.89,69.63,1.99,8.04,10.99,1.65,11.17,8.17,5.86,1.99,110809,18.63,100
us_3dep,N38VW124K,ALOS,california_coast_area,DTM,FLAT,85.19,-93.83,17.86,-5.07,7.37,9.77,-2.97,11.01,7.65,0.38,5.07,8279,18.42,7.47
us_3dep,N38VW124K,ALOS,california_coast_area,DTM,STEEP,85.19,-105.89,69.63,2.56,8.01,10.89,2.11,11.19,8.22,5.30,2.56,102530,18.65,92.53
us_3dep,N38XW124H,ALOS,california_coast_area,DTM,ALL,100.00,-106.23,70.37,1.63,8.97,11.93,1.50,12.04,9.06,6.96,1.63,130321,19.74,100
us_3dep,N38XW124H,ALOS,california_coast_area,DTM,FLAT,100.00,-106.23,17.91,-5.07,7.42,9.95,-2.87,11.17,7.67,1.00,5.07,22289,18.02,17.1
us_3dep,N38XW124H,ALOS,california_coast_area,DTM,STEEP,100.00,-105.89,70.37,3.01,9.02,11.84,2.90,12.21,9.35,5.50,3.01,108032,20,82.9
us_3dep,N38XW124J,ALOS,california_coast_area,DTM,ALL,100.00,-106.23,70.37,1.62,8.46,11.27,1.37,11.38,8.55,6.44,1.62,130321,19.02,100
us_3dep,N38XW124J,ALOS,california_coast_area,DTM,FLAT,100.00,-106.23,17.91,-4.70,7.25,9.60,-2.71,10.69,7.48,0.38,4.70,9037,17.56,6.93
us_3dep,N38XW124J,ALOS,california_coast_area,DTM,STEEP,100.00,-105.89,70.37,2.09,8.49,11.24,1.78,11.43,8.62,5.87,2.09,121284,19.09,93.07
us_3dep,N38XW124K,ALOS,california_coast_area,DTM,ALL,85.04,-106.23,79.03,1.73,8.45,11.60,1.33,11.72,8.53,6.04,1.73,110612,19.78,100
us_3dep,N38XW124K,ALOS,california_coast_area,DTM,FLAT,85.04,-106.23,17.98,-4.46,7.01,9.57,-2.28,10.56,7.07,0.50,4.46,10990,17.17,9.94
us_3dep,N38XW124K,ALOS,california_coast_area,DTM,STEEP,85.04,-105.89,79.03,2.41,8.54,11.60,1.89,11.85,8.70,5.23,2.41,99622,20,90.06
us_3dep,N38VW124H,NASA,california_coast_point,DTM,ALL,93.85,-51.85,73.03,5.87,9.54,12.56,4.05,13.86,10.08,7.23,5.87,121997,23.06,100
us_3dep,N38VW124H,NASA,california_coast_point,DTM,FLAT,93.85,-49.29,17.94,-1.61,5.16,6.91,-0.61,7.10,5.12,1.71,1.61,35895,11.26,29.42
us_3dep,N38VW124H,NASA,california_coast_point,DTM,STEEP,93.85,-51.85,73.03,8.98,10.07,13.06,7.88,15.85,12.14,4.62,8.98,86102,26.07,70.58
us_3dep,N38VW124J,NASA,california_coast_point,DTM,ALL,100.00,-57.89,87.34,8.36,10.71,13.80,7.15,16.13,12.31,9.60,8.36,130312,26.73,100
us_3dep,N38VW124J,NASA,california_coast_point,DTM,FLAT,100.00,-57.89,17.94,-3.03,6.65,8.74,-1.68,9.25,6.70,0.96,3.03,14946,14.56,11.47
us_3dep,N38VW124J,NASA,california_coast_point,DTM,STEEP,100.00,-51.85,87.34,9.83,10.61,13.64,8.83,16.82,13.03,8.27,9.83,115366,27.74,88.53
us_3dep,N38VW124K,NASA,california_coast_point,DTM,ALL,85.19,-57.89,87.34,7.88,10.04,12.86,6.98,15.08,11.64,9.29,7.88,110457,24.85,100
us_3dep,N38VW124K,NASA,california_coast_point,DTM,FLAT,85.19,-57.89,17.94,-4.67,6.99,8.88,-3.73,10.03,7.61,0.62,4.67,8235,16.63,7.46
us_3dep,N38VW124K,NASA,california_coast_point,DTM,STEEP,85.19,-51.85,87.34,8.90,9.84,12.60,8.02,15.42,11.97,8.45,8.90,102222,25.36,92.54
us_3dep,N38XW124H,NASA,california_coast_point,DTM,ALL,100.00,-57.89,87.34,8.15,10.51,13.52,6.46,15.78,11.83,8.91,8.15,130312,26.27,100
us_3dep,N38XW124H,NASA,california_coast_point,DTM,FLAT,100.00,-57.89,17.94,-1.82,5.45,7.36,-0.86,7.58,5.44,1.28,1.82,22276,11.79,17.09
us_3dep,N38XW124H,NASA,california_coast_point,DTM,STEEP,100.00,-57.63,87.34,10.21,10.59,13.58,9.06,16.99,13.14,6.97,10.21,108036,27.94,82.91
us_3dep,N38XW124J,NASA,california_coast_point,DTM,ALL,100.00,-61.75,87.34,7.61,10.34,13.33,6.48,15.35,11.69,9.13,7.61,130321,25.33,100
us_3dep,N38XW124J,NASA,california_coast_point,DTM,FLAT,100.00,-61.75,17.94,-4.90,7.17,9.19,-3.65,10.42,7.75,0.57,4.90,9045,17.04,6.94
us_3dep,N38XW124J,NASA,california_coast_point,DTM,STEEP,100.00,-57.63,87.34,8.54,10.20,13.12,7.39,15.65,11.99,8.36,8.54,121276,25.79,93.06
us_3dep,N38XW124K,NASA,california_coast_point,DTM,ALL,85.04,-61.75,87.34,7.48,10.10,13.04,6.18,15.03,11.37,8.75,7.48,110466,24.84,100
us_3dep,N38XW124K,NASA,california_coast_point,DTM,FLAT,85.04,-61.75,17.99,-3.80,6.45,8.29,-2.96,9.12,6.86,0.74,3.80,10895,14.52,9.86
us_3dep,N38XW124K,NASA,california_coast_point,DTM,STEEP,85.04,-57.63,87.34,8.71,9.99,12.87,7.46,15.54,11.86,7.70,8.71,99571,25.68,90.14
us_3dep,N38VW124H,ASTER,california_coast_point,DTM,ALL,93.85,-80.38,90.37,4.33,11.61,15.30,2.72,15.90,11.79,8.83,4.33,121997,26.41,100
us_3dep,N38VW124H,ASTER,california_coast_point,DTM,FLAT,93.85,-80.38,17.99,-4.03,7.02,9.44,-2.20,10.26,7.09,2.04,4.03,35895,15.76,29.42
us_3dep,N38VW124H,ASTER,california_coast_point,DTM,STEEP,93.85,-77.95,90.37,7.81,12.34,15.92,7.26,17.73,13.75,5.71,7.81,86102,29.07,70.58
us_3dep,N38VW124J,ASTER,california_coast_point,DTM,ALL,100.00,-80.38,108.37,7.47,13.04,16.92,6.69,18.49,14.20,11.20,7.47,130312,30.58,100
us_3dep,N38VW124J,ASTER,california_coast_point,DTM,FLAT,100.00,-80.38,17.99,-7.42,9.82,12.80,-4.84,14.79,10.48,1.13,7.42,14946,24.68,11.47
us_3dep,N38VW124J,ASTER,california_coast_point,DTM,STEEP,100.00,-77.95,108.37,9.40,12.73,16.42,8.67,18.92,14.69,9.69,9.40,115366,31.17,88.53
us_3dep,N38VW124K,ASTER,california_coast_point,DTM,ALL,85.19,-80.38,108.37,7.11,12.82,16.46,6.79,17.92,14.02,11.43,7.11,110457,29.58,100
us_3dep,N38VW124K,ASTER,california_coast_point,DTM,FLAT,85.19,-80.38,17.99,-11.68,11.12,13.84,-9.86,18.11,13.84,0.79,11.68,8235,30.76,7.46
us_3dep,N38VW124K,ASTER,california_coast_point,DTM,STEEP,85.19,-77.95,108.37,8.62,12.30,15.70,8.07,17.91,14.03,10.42,8.62,102222,29.49,92.54
us_3dep,N38XW124H,ASTER,california_coast_point,DTM,ALL,100.00,-80.38,108.37,6.80,13.06,16.78,5.43,18.11,13.81,10.76,6.80,130312,30.06,100
us_3dep,N38XW124H,ASTER,california_coast_point,DTM,FLAT,100.00,-80.38,17.99,-5.49,7.88,10.53,-3.65,11.87,8.38,1.60,5.49,22276,19.24,17.09
us_3dep,N38XW124H,ASTER,california_coast_point,DTM,STEEP,100.00,-77.95,108.37,9.34,13.06,16.71,8.63,19.14,14.93,8.52,9.34,108036,31.43,82.91
us_3dep,N38XW124J,ASTER,california_coast_point,DTM,ALL,100.00,-80.38,108.37,6.79,12.50,16.13,5.99,17.50,13.46,10.64,6.79,130321,28.81,100
us_3dep,N38XW124J,ASTER,california_coast_point,DTM,FLAT,100.00,-80.38,17.99,-9.98,9.79,12.54,-8.27,16.03,12.06,0.67,9.98,9045,27.14,6.94
us_3dep,N38XW124J,ASTER,california_coast_point,DTM,STEEP,100.00,-77.95,108.37,8.04,12.18,15.66,7.12,17.60,13.56,9.76,8.04,121276,28.93,93.06
us_3dep,N38XW124K,ASTER,california_coast_point,DTM,ALL,85.04,-85.81,108.37,6.59,12.73,16.48,5.61,17.75,13.56,10.63,6.59,110466,29.27,100
us_3dep,N38XW124K,ASTER,california_coast_point,DTM,FLAT,85.04,-85.81,17.99,-8.62,9.71,12.58,-6.64,15.25,11.19,0.93,8.62,10895,25.45,9.86
us_3dep,N38XW124K,ASTER,california_coast_point,DTM,STEEP,85.04,-77.95,108.37,8.26,12.42,16.00,7.23,18.01,13.82,9.38,8.26,99571,29.64,90.14
us_3dep,N39PW113H,COP,canyon_range_point,DTM,ALL,88.75,-46.45,14.76,-0.09,0.60,0.99,-0.09,0.99,0.60,0.40,0.09,115293,1.23,100
us_3dep,N39PW113H,COP,canyon_range_point,DTM,FLAT,88.75,-37.03,14.11,-0.09,0.59,0.96,-0.09,0.96,0.60,0.40,0.09,114967,1.22,99.72
us_3dep,N39PW113H,COP,canyon_range_point,DTM,STEEP,88.75,-46.45,14.76,1.55,3.26,4.16,1.32,4.44,3.47,0.00,1.55,326,7.18,0.28
us_3dep,N39PW113J,COP,canyon_range_point,DTM,ALL,87.65,-46.45,31.71,0.11,1.60,2.70,0.00,2.70,1.59,0.75,0.11,113856,4.24,100
us_3dep,N39PW113J,COP,canyon_range_point,DTM,FLAT,87.65,-37.03,17.04,-0.17,1.32,2.25,-0.06,2.26,1.31,0.62,0.17,99755,3.36,87.62
us_3dep,N39PW113J,COP,canyon_range_point,DTM,STEEP,87.65,-46.45,31.71,2.05,3.28,4.31,1.67,4.77,3.58,0.08,2.05,14101,7.92,12.38
us_3dep,N39PW113K,COP,canyon_range_point,DTM,ALL,86.61,-66.42,120.42,1.05,4.36,6.78,0.55,6.86,4.37,2.57,1.05,112501,10.52,100
us_3dep,N39PW113K,COP,canyon_range_point,DTM,FLAT,86.61,-60.93,17.04,-0.53,2.30,3.81,-0.07,3.84,2.25,0.65,0.53,38549,5.37,34.27
us_3dep,N39PW113K,COP,canyon_range_point,DTM,STEEP,86.61,-66.42,120.42,1.87,5.30,7.77,1.47,7.99,5.47,1.40,1.87,73952,12.49,65.73
us_3dep,N39PW113L,COP,canyon_range_point,DTM,ALL,85.68,-95.68,151.14,0.55,4.23,7.27,0.11,7.29,4.20,1.97,0.55,111283,10.75,100
us_3dep,N39PW113L,COP,canyon_range_point,DTM,FLAT,85.68,-60.93,17.32,-0.74,2.02,3.79,-0.15,3.86,1.91,0.60,0.74,52094,4.62,46.81
us_3dep,N39PW113L,COP,canyon_range_point,DTM,STEEP,85.68,-95.68,151.14,1.68,6.12,9.17,1.17,9.32,6.21,0.70,1.68,59189,14.36,53.19
us_3dep,N39QW113G,COP,canyon_range_point,DTM,ALL,85.46,-95.68,151.14,-0.15,0.61,0.91,-0.13,0.92,0.62,0.43,0.15,111093,1.33,100
us_3dep,N39QW113G,COP,canyon_range_point,DTM,FLAT,85.46,-60.93,17.32,-0.15,0.61,0.91,-0.13,0.92,0.62,0.43,0.15,111093,1.33,100
us_3dep,N39QW113H,COP,canyon_range_point,DTM,ALL,100.00,-95.68,151.14,0.10,1.77,3.28,-0.02,3.28,1.76,0.77,0.10,130321,4.6,100
us_3dep,N39QW113H,COP,canyon_range_point,DTM,FLAT,100.00,-60.93,17.32,-0.25,1.32,2.42,-0.07,2.43,1.31,0.64,0.25,114496,3.06,87.86
us_3dep,N39QW113H,COP,canyon_range_point,DTM,STEEP,100.00,-95.68,151.14,2.58,4.74,6.27,2.12,6.78,5.07,0.08,2.58,15825,11.31,12.14
us_3dep,N39QW113J,COP,canyon_range_point,DTM,ALL,100.00,-95.68,151.14,0.81,4.36,6.84,0.39,6.89,4.36,2.57,0.81,130321,10.47,100
us_3dep,N39QW113J,COP,canyon_range_point,DTM,FLAT,100.00,-62.90,17.32,-0.69,2.64,4.26,-0.12,4.31,2.57,0.76,0.69,51678,5.97,39.65
us_3dep,N39QW113J,COP,canyon_range_point,DTM,STEEP,100.00,-95.68,151.14,1.80,5.42,7.95,1.26,8.15,5.53,1.27,1.80,78643,12.92,60.35
us_3dep,N39QW113K,COP,canyon_range_point,DTM,ALL,100.00,-109.53,156.32,0.23,2.69,5.52,-0.05,5.52,2.65,0.83,0.23,130321,7.31,100
us_3dep,N39QW113K,COP,canyon_range_point,DTM,FLAT,100.00,-63.73,17.32,-0.33,1.08,2.38,-0.11,2.40,1.06,0.42,0.33,84632,2.3,64.94
us_3dep,N39QW113K,COP,canyon_range_point,DTM,STEEP,100.00,-109.53,156.32,1.27,5.55,8.64,0.88,8.73,5.60,0.21,1.27,45689,12.71,35.06
us_3dep,N39QW113L,COP,canyon_range_point,DTM,ALL,100.00,-109.53,156.32,0.56,4.43,7.15,0.16,7.17,4.41,2.27,0.56,130321,11.42,100
us_3dep,N39QW113L,COP,canyon_range_point,DTM,FLAT,100.00,-63.73,17.32,-1.01,2.28,4.47,-0.14,4.59,2.02,0.50,1.01,50278,4.82,38.58
us_3dep,N39QW113L,COP,canyon_range_point,DTM,STEEP,100.00,-109.53,156.32,1.55,5.80,8.25,1.25,8.39,5.91,0.92,1.55,80043,13.59,61.42
us_3dep,N39RW113G,COP,canyon_range_point,DTM,ALL,100.00,-109.53,156.32,-0.05,0.93,1.79,-0.07,1.79,0.93,0.58,0.05,130321,1.89,100
us_3dep,N39RW113G,COP,canyon_range_point,DTM,FLAT,100.00,-63.73,17.32,-0.09,0.88,1.52,-0.07,1.52,0.88,0.58,0.09,129665,1.86,99.5
us_3dep,N39RW113G,COP,canyon_range_point,DTM,STEEP,100.00,-109.53,156.32,6.82,9.16,11.60,6.93,13.44,10.74,0.00,6.82,656,22.1,0.5
us_3dep,N39RW113H,COP,canyon_range_point,DTM,ALL,100.00,-109.53,156.32,0.24,2.71,4.60,0.07,4.60,2.70,1.22,0.24,130321,7.35,100
us_3dep,N39RW113H,COP,canyon_range_point,DTM,FLAT,100.00,-63.73,17.32,-0.43,1.73,3.15,-0.07,3.18,1.69,0.75,0.43,93837,3.86,72
us_3dep,N39RW113H,COP,canyon_range_point,DTM,STEEP,100.00,-109.53,156.32,1.98,5.05,6.77,1.87,7.05,5.31,0.26,1.98,36484,11.54,28
us_3dep,N39RW113J,COP,canyon_range_point,DTM,ALL,100.00,-118.88,164.67,1.36,6.39,9.89,0.79,9.98,6.42,3.95,1.36,130321,15.14,100
us_3dep,N39RW113J,COP,canyon_range_point,DTM,FLAT,100.00,-79.25,17.32,-2.54,4.73,7.46,-0.57,7.88,4.31,0.28,2.54,12086,10.94,9.27
us_3dep,N39RW113J,COP,canyon_range_point,DTM,STEEP,100.00,-118.88,164.67,1.76,6.57,10.02,1.11,10.17,6.63,3.44,1.76,118235,15.41,90.73
us_3dep,N39RW113K,COP,canyon_range_point,DTM,ALL,100.00,-118.88,164.67,0.41,3.16,6.49,0.04,6.50,3.12,1.05,0.41,130321,8.4,100
us_3dep,N39RW113K,COP,canyon_range_point,DTM,FLAT,100.00,-79.25,17.32,-0.19,1.15,2.35,-0.04,2.36,1.14,0.58,0.19,85033,2.34,65.25
us_3dep,N39RW113K,COP,canyon_range_point,DTM,STEEP,100.00,-118.88,164.67,1.55,6.79,10.44,0.99,10.55,6.83,0.29,1.55,45288,15.84,34.75
us_3dep,N39RW113L,COP,canyon_range_point,DTM,ALL,100.00,-118.88,164.67,0.31,2.64,4.39,0.01,4.40,2.62,1.27,0.31,130321,6.88,100
us_3dep,N39RW113L,COP,canyon_range_point,DTM,FLAT,100.00,-79.25,17.66,-0.18,1.81,3.12,0.00,3.12,1.79,0.77,0.18,98148,4.63,75.31
us_3dep,N39RW113L,COP,canyon_range_point,DTM,STEEP,100.00,-118.88,164.67,1.82,4.92,6.74,1.80,6.98,5.16,0.13,1.82,32173,11.14,24.69
us_3dep,N39PW113H,SRTM,canyon_range_point,DTM,ALL,88.75,-39.31,21.21,-1.56,1.57,2.10,-1.47,2.61,2.07,1.67,1.56,115293,4.23,100
us_3dep,N39PW113H,SRTM,canyon_range_point,DTM,FLAT,88.75,-34.17,13.44,-1.58,1.56,2.06,-1.47,2.60,2.06,1.66,1.58,114967,4.21,99.72
us_3dep,N39PW113H,SRTM,canyon_range_point,DTM,STEEP,88.75,-39.31,21.21,3.87,3.78,4.79,3.71,6.15,4.96,0.01,3.87,326,9.92,0.28
us_3dep,N39PW113J,SRTM,canyon_range_point,DTM,ALL,87.65,-39.31,33.35,0.38,2.84,3.87,-0.14,3.89,2.80,2.03,0.38,113856,6.25,100
us_3dep,N39PW113J,SRTM,canyon_range_point,DTM,FLAT,87.65,-34.17,17.80,-0.33,2.30,3.07,-0.46,3.09,2.33,1.72,0.33,99755,5,87.62
us_3dep,N39PW113J,SRTM,canyon_range_point,DTM,STEEP,87.65,-39.31,33.35,5.44,3.97,5.02,5.41,7.40,6.12,0.21,5.44,14101,11.85,12.38
us_3dep,N39PW113K,SRTM,canyon_range_point,DTM,ALL,86.61,-152.00,117.63,2.66,6.18,8.82,1.70,9.21,6.32,4.25,2.66,112501,14.48,100
us_3dep,N39PW113K,SRTM,canyon_range_point,DTM,FLAT,86.61,-46.81,17.80,-0.14,3.08,4.12,-0.01,4.12,3.08,1.26,0.14,38549,6.49,34.27
us_3dep,N39PW113K,SRTM,canyon_range_point,DTM,STEEP,86.61,-152.00,117.63,4.12,7.37,10.16,3.61,10.96,8.01,2.52,4.12,73952,17.37,65.73
us_3dep,N39PW113L,SRTM,canyon_range_point,DTM,ALL,85.68,-152.00,144.52,2.19,5.84,8.55,0.85,8.83,5.77,3.61,2.19,111283,13.41,100
us_3dep,N39PW113L,SRTM,canyon_range_point,DTM,FLAT,85.68,-46.81,17.80,-0.81,2.91,3.99,-0.60,4.07,2.95,1.47,0.81,52094,6.27,46.81
us_3dep,N39PW113L,SRTM,canyon_range_point,DTM,STEEP,85.68,-152.00,144.52,4.83,7.48,10.42,4.01,11.48,8.25,1.70,4.83,59189,17.79,53.19
us_3dep,N39QW113G,SRTM,canyon_range_point,DTM,ALL,85.46,-152.00,144.52,-1.72,1.52,2.07,-1.61,2.69,2.12,1.75,1.72,111093,4.15,100
us_3dep,N39QW113G,SRTM,canyon_range_point,DTM,FLAT,85.46,-46.81,17.80,-1.72,1.52,2.07,-1.61,2.69,2.12,1.75,1.72,111093,4.15,100
us_3dep,N39QW113H,SRTM,canyon_range_point,DTM,ALL,100.00,-152.00,144.52,0.29,2.83,4.16,-0.31,4.17,2.79,1.87,0.29,130321,6.2,100
us_3dep,N39QW113H,SRTM,canyon_range_point,DTM,FLAT,100.00,-46.81,17.80,-0.54,2.10,2.86,-0.58,2.91,2.16,1.59,0.54,114496,4.61,87.86
us_3dep,N39QW113H,SRTM,canyon_range_point,DTM,STEEP,100.00,-152.00,144.52,6.31,5.12,6.50,6.02,9.06,7.33,0.19,6.31,15825,14.82,12.14
us_3dep,N39QW113J,SRTM,canyon_range_point,DTM,ALL,100.00,-152.00,144.52,3.15,6.49,9.23,2.05,9.76,6.70,4.42,3.15,130321,15.55,100
us_3dep,N39QW113J,SRTM,canyon_range_point,DTM,FLAT,100.00,-71.80,17.80,0.02,3.16,4.38,0.18,4.38,3.16,1.47,0.02,51678,6.68,39.65
us_3dep,N39QW113J,SRTM,canyon_range_point,DTM,STEEP,100.00,-152.00,144.52,5.21,7.92,10.86,4.90,12.05,9.02,2.33,5.21,78643,19.1,60.35
us_3dep,N39QW113K,SRTM,canyon_range_point,DTM,ALL,100.00,-152.00,153.58,0.30,4.68,7.58,-0.92,7.59,4.63,2.87,0.30,130321,10.48,100
us_3dep,N39QW113K,SRTM,canyon_range_point,DTM,FLAT,100.00,-71.80,17.80,-1.47,2.33,3.26,-1.54,3.58,2.70,1.77,1.47,84632,5.49,64.94
us_3dep,N39QW113K,SRTM,canyon_range_point,DTM,STEEP,100.00,-152.00,153.58,3.57,7.70,11.31,3.12,11.86,8.18,0.98,3.57,45689,17.27,35.06
us_3dep,N39QW113L,SRTM,canyon_range_point,DTM,ALL,100.00,-152.00,153.58,2.66,6.33,8.53,1.15,8.93,6.28,4.17,2.66,130321,14.76,100
us_3dep,N39QW113L,SRTM,canyon_range_point,DTM,FLAT,100.00,-71.80,17.80,-1.32,2.95,4.20,-1.01,4.40,3.06,1.35,1.32,50278,6.45,38.58
us_3dep,N39QW113L,SRTM,canyon_range_point,DTM,STEEP,100.00,-152.00,153.58,5.15,7.32,9.55,4.63,10.85,8.31,2.24,5.15,80043,17.62,61.42
us_3dep,N39RW113G,SRTM,canyon_range_point,DTM,ALL,100.00,-152.00,153.58,-1.45,1.79,2.75,-1.42,3.11,2.20,1.72,1.45,130321,4.42,100
us_3dep,N39RW113G,SRTM,canyon_range_point,DTM,FLAT,100.00,-120.47,17.80,-1.51,1.73,2.52,-1.43,2.94,2.15,1.71,1.51,129665,4.36,99.5
us_3dep,N39RW113G,SRTM,canyon_range_point,DTM,STEEP,100.00,-152.00,153.58,10.84,7.25,9.66,10.84,14.51,12.04,0.00,10.84,656,22.32,0.5
us_3dep,N39RW113H,SRTM,canyon_range_point,DTM,ALL,100.00,-152.00,153.58,1.13,4.00,5.68,0.07,5.79,3.87,2.41,1.13,130321,9.49,100
us_3dep,N39RW113H,SRTM,canyon_range_point,DTM,FLAT,100.00,-120.47,17.80,-0.68,2.35,3.24,-0.64,3.31,2.41,1.60,0.68,93837,5.15,72
us_3dep,N39RW113H,SRTM,canyon_range_point,DTM,STEEP,100.00,-152.00,153.58,5.78,5.89,7.62,5.65,9.56,7.61,0.57,5.78,36484,15.49,28
us_3dep,N39RW113J,SRTM,canyon_range_point,DTM,ALL,100.00,-319.59,207.22,4.38,9.41,13.47,3.51,14.16,9.88,7.22,4.38,130321,21.34,100
us_3dep,N39RW113J,SRTM,canyon_range_point,DTM,FLAT,100.00,-279.97,17.80,-2.00,4.62,7.37,-1.08,7.63,4.65,0.58,2.00,12086,10.03,9.27
us_3dep,N39RW113J,SRTM,canyon_range_point,DTM,STEEP,100.00,-319.59,207.22,5.03,9.68,13.78,4.42,14.67,10.42,6.38,5.03,118235,22.04,90.73
us_3dep,N39RW113K,SRTM,canyon_range_point,DTM,ALL,100.00,-319.59,242.55,0.96,5.38,9.41,-0.07,9.46,5.28,2.95,0.96,130321,12.43,100
us_3dep,N39RW113K,SRTM,canyon_range_point,DTM,FLAT,100.00,-279.97,17.80,-0.76,2.61,3.49,-0.67,3.57,2.67,1.76,0.76,85033,5.59,65.25
us_3dep,N39RW113K,SRTM,canyon_range_point,DTM,STEEP,100.00,-319.59,242.55,4.20,9.66,14.69,3.59,15.28,10.19,0.89,4.20,45288,21.83,34.75
us_3dep,N39RW113L,SRTM,canyon_range_point,DTM,ALL,100.00,-319.59,242.55,0.90,3.96,5.63,-0.00,5.70,3.86,2.61,0.90,130321,9,100
us_3dep,N39RW113L,SRTM,canyon_range_point,DTM,FLAT,100.00,-279.97,17.80,-0.36,2.75,3.80,-0.14,3.82,2.74,1.78,0.36,98148,6.13,75.31
us_3dep,N39RW113L,SRTM,canyon_range_point,DTM,STEEP,100.00,-319.59,242.55,4.74,6.17,8.06,4.54,9.34,7.28,0.36,4.74,32173,14.99,24.69
us_3dep,N39PW113H,ALOS,canyon_range_area,DTM,ALL,88.75,-53.41,10.35,-1.15,1.37,1.94,-1.01,2.25,1.65,1.25,1.15,115844,3.42,100
us_3dep,N39PW113H,ALOS,canyon_range_area,DTM,FLAT,88.75,-53.41,10.35,-1.15,1.37,1.94,-1.01,2.25,1.65,1.25,1.15,115505,3.42,99.71
us_3dep,N39PW113H,ALOS,canyon_range_area,DTM,STEEP,88.75,-47.69,8.89,0.51,1.71,2.15,0.43,2.20,1.75,0.00,0.51,339,3.56,0.29
us_3dep,N39PW113J,ALOS,canyon_range_area,DTM,ALL,87.65,-53.41,17.34,-0.25,1.58,2.14,-0.23,2.15,1.59,1.21,0.25,114393,3.39,100
us_3dep,N39PW113J,ALOS,canyon_range_area,DTM,FLAT,87.65,-53.41,14.29,-0.39,1.51,2.05,-0.32,2.08,1.53,1.03,0.39,100080,3.26,87.49
us_3dep,N39PW113J,ALOS,canyon_range_area,DTM,STEEP,87.65,-47.69,17.34,0.77,1.89,2.47,0.63,2.59,1.96,0.13,0.77,14313,4.15,12.51
us_3dep,N39PW113K,ALOS,canyon_range_area,DTM,ALL,86.61,-60.15,78.56,0.36,2.67,4.22,0.14,4.24,2.66,1.65,0.36,113064,6.07,100
us_3dep,N39PW113K,ALOS,canyon_range_area,DTM,FLAT,86.61,-53.41,14.29,-0.15,1.45,2.12,-0.06,2.12,1.45,0.50,0.15,38955,2.92,34.45
us_3dep,N39PW113K,ALOS,canyon_range_area,DTM,STEEP,86.61,-60.15,78.56,0.63,3.29,4.96,0.36,5.00,3.30,1.00,0.63,74109,7.49,65.55
us_3dep,N39PW113L,ALOS,canyon_range_area,DTM,ALL,85.68,-79.34,114.74,0.12,2.55,4.08,-0.01,4.09,2.55,1.65,0.12,111821,5.55,100
us_3dep,N39PW113L,ALOS,canyon_range_area,DTM,FLAT,85.68,-53.41,15.09,-0.39,1.65,2.37,-0.25,2.40,1.66,0.70,0.39,52195,3.47,46.68
us_3dep,N39PW113L,ALOS,canyon_range_area,DTM,STEEP,85.68,-79.34,114.74,0.57,3.32,5.09,0.38,5.12,3.33,0.81,0.57,59626,7.21,53.32
us_3dep,N39QW113G,ALOS,canyon_range_area,DTM,ALL,85.46,-79.34,114.74,-0.67,1.14,1.45,-0.80,1.60,1.28,1.09,0.67,111194,2.39,100
us_3dep,N39QW113G,ALOS,canyon_range_area,DTM,FLAT,85.46,-53.41,15.09,-0.67,1.14,1.45,-0.80,1.60,1.28,1.09,0.67,111194,2.39,100
us_3dep,N39QW113H,ALOS,canyon_range_area,DTM,ALL,100.00,-79.34,114.74,-0.32,1.65,2.30,-0.33,2.32,1.67,1.24,0.32,130321,3.59,100
us_3dep,N39QW113H,ALOS,canyon_range_area,DTM,FLAT,100.00,-53.41,15.58,-0.50,1.48,2.00,-0.41,2.06,1.52,1.06,0.50,114413,3.23,87.79
us_3dep,N39QW113H,ALOS,canyon_range_area,DTM,STEEP,100.00,-79.34,114.74,0.97,2.67,3.53,0.79,3.66,2.75,0.13,0.97,15908,5.99,12.21
us_3dep,N39QW113J,ALOS,canyon_range_area,DTM,ALL,100.00,-79.34,114.74,0.37,2.68,3.91,0.22,3.93,2.68,1.86,0.37,130321,5.91,100
us_3dep,N39QW113J,ALOS,canyon_range_area,DTM,FLAT,100.00,-53.41,15.58,-0.18,1.88,2.64,-0.10,2.65,1.88,0.65,0.18,51387,4.06,39.43
us_3dep,N39QW113J,ALOS,canyon_range_area,DTM,STEEP,100.00,-79.34,114.74,0.73,3.17,4.52,0.55,4.58,3.20,1.03,0.73,78934,7,60.57
us_3dep,N39QW113K,ALOS,canyon_range_area,DTM,ALL,100.00,-95.72,116.58,-0.33,2.01,3.26,-0.49,3.27,2.05,1.47,0.33,130321,4.17,100
us_3dep,N39QW113K,ALOS,canyon_range_area,DTM,FLAT,100.00,-53.41,15.58,-0.71,1.48,2.00,-0.78,2.13,1.60,0.93,0.71,84602,3.28,64.92
us_3dep,N39QW113K,ALOS,canyon_range_area,DTM,STEEP,100.00,-95.72,116.58,0.37,2.87,4.70,0.30,4.71,2.89,0.50,0.37,45719,6.01,35.08
us_3dep,N39QW113L,ALOS,canyon_range_area,DTM,ALL,100.00,-95.72,116.58,0.04,2.50,3.59,-0.10,3.59,2.50,1.72,0.04,130321,5.56,100
us_3dep,N39QW113L,ALOS,canyon_range_area,DTM,FLAT,100.00,-53.41,15.91,-0.49,1.63,2.35,-0.36,2.40,1.65,0.61,0.49,50449,3.4,38.71
us_3dep,N39QW113L,ALOS,canyon_range_area,DTM,STEEP,100.00,-95.72,116.58,0.37,3.03,4.15,0.20,4.17,3.03,0.98,0.37,79872,6.53,61.29
us_3dep,N39RW113G,ALOS,canyon_range_area,DTM,ALL,100.00,-95.72,116.58,-0.48,1.17,1.71,-0.55,1.78,1.24,1.01,0.48,130321,2.31,100
us_3dep,N39RW113G,ALOS,canyon_range_area,DTM,FLAT,100.00,-59.52,17.88,-0.50,1.15,1.65,-0.55,1.73,1.22,1.01,0.50,129655,2.29,99.49
us_3dep,N39RW113G,ALOS,canyon_range_area,DTM,STEEP,100.00,-95.72,116.58,2.53,4.10,5.66,2.17,6.20,4.52,0.00,2.53,666,9.23,0.51
us_3dep,N39RW113H,ALOS,canyon_range_area,DTM,ALL,100.00,-95.72,116.58,-0.10,1.95,2.83,-0.19,2.83,1.96,1.36,0.10,130321,4.34,100
us_3dep,N39RW113H,ALOS,canyon_range_area,DTM,FLAT,100.00,-59.52,17.88,-0.39,1.55,2.18,-0.31,2.21,1.57,0.92,0.39,94029,3.3,72.15
us_3dep,N39RW113H,ALOS,canyon_range_area,DTM,STEEP,100.00,-95.72,116.58,0.66,2.96,3.96,0.40,4.01,2.97,0.34,0.66,36292,6.45,27.85
us_3dep,N39RW113J,ALOS,canyon_range_area,DTM,ALL,100.00,-106.92,116.58,0.58,4.05,6.14,0.32,6.17,4.06,2.71,0.58,130321,9.09,100
us_3dep,N39RW113J,ALOS,canyon_range_area,DTM,FLAT,100.00,-106.92,17.88,-1.07,2.80,4.36,-0.45,4.49,2.78,0.22,1.07,12210,6.33,9.37
us_3dep,N39RW113J,ALOS,canyon_range_area,DTM,STEEP,100.00,-104.51,116.58,0.75,4.18,6.27,0.45,6.31,4.19,2.40,0.75,118111,9.32,90.63
us_3dep,N39RW113K,ALOS,canyon_range_area,DTM,ALL,100.00,-137.56,148.03,0.05,2.29,4.00,-0.07,4.00,2.29,1.46,0.05,130321,4.8,100
us_3dep,N39RW113K,ALOS,canyon_range_area,DTM,FLAT,100.00,-137.56,17.88,-0.27,1.44,1.98,-0.22,2.00,1.45,0.88,0.27,84850,3.02,65.11
us_3dep,N39RW113K,ALOS,canyon_range_area,DTM,STEEP,100.00,-104.51,148.03,0.64,3.82,6.16,0.53,6.19,3.84,0.45,0.64,45471,8.4,34.89
us_3dep,N39RW113L,ALOS,canyon_range_area,DTM,ALL,100.00,-137.56,148.03,-0.19,1.91,2.69,-0.20,2.70,1.91,1.42,0.19,130312,4.18,100
us_3dep,N39RW113L,ALOS,canyon_range_area,DTM,FLAT,100.00,-137.56,17.88,-0.42,1.64,2.24,-0.31,2.28,1.66,1.00,0.42,98553,3.63,75.63
us_3dep,N39RW113L,ALOS,canyon_range_area,DTM,STEEP,100.00,-104.51,148.03,0.52,2.70,3.69,0.32,3.72,2.71,0.27,0.52,31759,5.77,24.37
us_3dep,N39PW113H,NASA,canyon_range_point,DTM,ALL,88.75,-42.71,21.21,-1.60,1.58,2.11,-1.49,2.65,2.09,1.69,1.60,115293,4.28,100
us_3dep,N39PW113H,NASA,canyon_range_point,DTM,FLAT,88.75,-42.71,14.16,-1.62,1.57,2.07,-1.49,2.63,2.09,1.68,1.62,114967,4.27,99.72
us_3dep,N39PW113H,NASA,canyon_range_point,DTM,STEEP,88.75,-40.40,21.21,3.99,3.73,4.72,3.71,6.17,4.92,0.01,3.99,326,9.82,0.28
us_3dep,N39PW113J,NASA,canyon_range_point,DTM,ALL,87.65,-42.71,35.78,0.48,2.84,3.88,-0.10,3.91,2.80,2.02,0.48,113856,6.27,100
us_3dep,N39PW113J,NASA,canyon_range_point,DTM,FLAT,87.65,-42.71,16.18,-0.27,2.26,3.02,-0.43,3.03,2.29,1.71,0.27,99755,4.9,87.62
us_3dep,N39PW113J,NASA,canyon_range_point,DTM,STEEP,87.65,-40.40,35.78,5.74,3.97,5.04,5.76,7.64,6.39,0.21,5.74,14101,12.16,12.38
us_3dep,N39PW113K,NASA,canyon_range_point,DTM,ALL,86.61,-173.01,116.93,2.81,6.13,8.75,1.75,9.19,6.27,4.14,2.81,112501,14.51,100
us_3dep,N39PW113K,NASA,canyon_range_point,DTM,FLAT,86.61,-55.14,16.18,0.01,2.89,3.92,0.10,3.92,2.89,1.20,0.01,38549,6.16,34.27
us_3dep,N39PW113K,NASA,canyon_range_point,DTM,STEEP,86.61,-173.01,116.93,4.27,7.35,10.11,3.73,10.98,8.03,2.44,4.27,73952,17.36,65.73
us_3dep,N39PW113L,NASA,canyon_range_point,DTM,ALL,85.68,-173.01,116.93,2.38,5.83,8.54,0.94,8.87,5.75,3.50,2.38,111283,13.56,100
us_3dep,N39PW113L,NASA,canyon_range_point,DTM,FLAT,85.68,-55.14,16.46,-0.68,2.74,3.79,-0.50,3.85,2.77,1.41,0.68,52094,5.86,46.81
us_3dep,N39PW113L,NASA,canyon_range_point,DTM,STEEP,85.68,-173.01,116.93,5.08,7.51,10.44,4.26,11.61,8.37,1.63,5.08,59189,17.95,53.19
us_3dep,N39QW113G,NASA,canyon_range_point,DTM,ALL,85.46,-173.01,116.93,-1.74,1.52,2.05,-1.63,2.69,2.13,1.76,1.74,111093,4.21,100
us_3dep,N39QW113G,NASA,canyon_range_point,DTM,FLAT,85.46,-55.14,16.46,-1.74,1.52,2.05,-1.63,2.69,2.13,1.76,1.74,111093,4.21,100
us_3dep,N39QW113H,NASA,canyon_range_point,DTM,ALL,100.00,-173.01,116.93,0.38,2.84,4.19,-0.27,4.21,2.78,1.85,0.38,130321,6.17,100
us_3dep,N39QW113H,NASA,canyon_range_point,DTM,FLAT,100.00,-55.14,16.46,-0.48,2.07,2.82,-0.54,2.86,2.12,1.58,0.48,114496,4.51,87.86
us_3dep,N39QW113H,NASA,canyon_range_point,DTM,STEEP,100.00,-173.01,116.93,6.60,5.19,6.57,6.33,9.31,7.56,0.19,6.60,15825,15.24,12.14
us_3dep,N39QW113J,NASA,canyon_range_point,DTM,ALL,100.00,-173.01,116.93,3.39,6.45,9.14,2.19,9.75,6.68,4.38,3.39,130321,15.62,100
us_3dep,N39QW113J,NASA,canyon_range_point,DTM,FLAT,100.00,-71.19,16.80,0.22,3.04,4.25,0.33,4.26,3.06,1.44,0.22,51678,6.49,39.65
us_3dep,N39QW113J,NASA,canyon_range_point,DTM,STEEP,100.00,-173.01,116.93,5.48,7.88,10.75,5.11,12.07,9.07,2.30,5.48,78643,19.07,60.35
us_3dep,N39QW113K,NASA,canyon_range_point,DTM,ALL,100.00,-173.01,154.87,0.37,4.67,7.49,-0.86,7.50,4.59,2.82,0.37,130321,10.53,100
us_3dep,N39QW113K,NASA,canyon_range_point,DTM,FLAT,100.00,-71.19,16.80,-1.43,2.29,3.20,-1.48,3.50,2.64,1.74,1.43,84632,5.29,64.94
us_3dep,N39QW113K,NASA,canyon_range_point,DTM,STEEP,100.00,-173.01,154.87,3.72,7.70,11.13,3.23,11.74,8.21,0.96,3.72,45689,17.31,35.06
us_3dep,N39QW113L,NASA,canyon_range_point,DTM,ALL,100.00,-173.01,154.87,2.80,6.34,8.51,1.22,8.96,6.29,4.14,2.80,130321,14.83,100
us_3dep,N39QW113L,NASA,canyon_range_point,DTM,FLAT,100.00,-71.19,17.44,-1.22,2.85,4.08,-0.94,4.26,2.95,1.33,1.22,50278,6.18,38.58
us_3dep,N39QW113L,NASA,canyon_range_point,DTM,STEEP,100.00,-173.01,154.87,5.33,7.32,9.54,4.83,10.92,8.38,2.21,5.33,80043,17.71,61.42
us_3dep,N39RW113G,NASA,canyon_range_point,DTM,ALL,100.00,-173.01,154.87,-1.48,1.80,2.72,-1.44,3.09,2.23,1.74,1.48,130321,4.47,100
us_3dep,N39RW113G,NASA,canyon_range_point,DTM,FLAT,100.00,-71.19,17.44,-1.55,1.74,2.47,-1.45,2.92,2.18,1.73,1.55,129665,4.42,99.5
us_3dep,N39RW113G,NASA,canyon_range_point,DTM,STEEP,100.00,-173.01,154.87,11.41,7.11,9.55,11.53,14.87,12.48,0.00,11.41,656,22.32,0.5
us_3dep,N39RW113H,NASA,canyon_range_point,DTM,ALL,100.00,-173.01,154.87,1.21,4.00,5.68,0.10,5.81,3.86,2.37,1.21,130321,9.58,100
us_3dep,N39RW113H,NASA,canyon_range_point,DTM,FLAT,100.00,-71.19,17.44,-0.62,2.30,3.17,-0.61,3.23,2.36,1.58,0.62,93837,5,72
us_3dep,N39RW113H,NASA,canyon_range_point,DTM,STEEP,100.00,-173.01,154.87,5.92,5.94,7.65,5.78,9.67,7.73,0.58,5.92,36484,15.67,28
us_3dep,N39RW113J,NASA,canyon_range_point,DTM,ALL,100.00,-319.61,217.50,4.55,9.33,13.32,3.61,14.07,9.83,7.21,4.55,130321,21.31,100
us_3dep,N39RW113J,NASA,canyon_range_point,DTM,FLAT,100.00,-235.33,17.44,-1.86,4.47,6.83,-0.96,7.08,4.48,0.57,1.86,12086,9.73,9.27
us_3dep,N39RW113J,NASA,canyon_range_point,DTM,STEEP,100.00,-319.61,217.50,5.21,9.60,13.64,4.56,14.60,10.38,6.36,5.21,118235,22.03,90.73
us_3dep,N39RW113K,NASA,canyon_range_point,DTM,ALL,100.00,-319.61,217.50,1.11,5.25,8.89,-0.02,8.95,5.12,2.78,1.11,130321,12.38,100
us_3dep,N39RW113K,NASA,canyon_range_point,DTM,FLAT,100.00,-235.33,17.44,-0.67,2.42,3.27,-0.61,3.34,2.48,1.66,0.67,85033,5.16,65.25
us_3dep,N39RW113K,NASA,canyon_range_point,DTM,STEEP,100.00,-319.61,217.50,4.46,9.51,13.78,3.71,14.48,10.08,0.84,4.46,45288,21.86,34.75
us_3dep,N39RW113L,NASA,canyon_range_point,DTM,ALL,100.00,-319.61,217.50,1.02,3.94,5.63,-0.00,5.72,3.84,2.57,1.02,130321,9.02,100
us_3dep,N39RW113L,NASA,canyon_range_point,DTM,FLAT,100.00,-235.33,17.86,-0.27,2.68,3.71,-0.08,3.72,2.67,1.75,0.27,98148,5.96,75.31
us_3dep,N39RW113L,NASA,canyon_range_point,DTM,STEEP,100.00,-319.61,217.50,4.93,6.22,8.12,4.68,9.50,7.41,0.35,4.93,32173,15.26,24.69
us_3dep,N39PW113H,ASTER,canyon_range_point,DTM,ALL,88.75,-87.42,22.90,-4.69,3.26,4.91,-3.88,6.79,4.96,3.95,4.69,115293,9.74,100
us_3dep,N39PW113H,ASTER,canyon_range_point,DTM,FLAT,88.75,-87.42,15.90,-4.72,3.24,4.87,-3.89,6.78,4.95,3.94,4.72,114967,9.72,99.72
us_3dep,N39PW113H,ASTER,canyon_range_point,DTM,STEEP,88.75,-57.25,22.90,6.36,5.33,6.59,6.29,9.15,7.57,0.01,6.36,326,14.52,0.28
us_3dep,N39PW113J,ASTER,canyon_range_point,DTM,ALL,87.65,-87.42,35.72,-1.59,4.62,6.39,-1.83,6.58,4.90,3.70,1.59,113856,10.79,100
us_3dep,N39PW113J,ASTER,canyon_range_point,DTM,FLAT,87.65,-87.42,17.96,-2.69,3.91,5.30,-2.35,5.94,4.42,3.13,2.69,99755,9.51,87.62
us_3dep,N39PW113J,ASTER,canyon_range_point,DTM,STEEP,87.65,-57.25,35.72,6.21,6.13,7.82,6.69,9.98,8.29,0.39,6.21,14101,16,12.38
us_3dep,N39PW113K,ASTER,canyon_range_point,DTM,ALL,86.61,-106.61,142.02,2.12,8.60,12.10,0.92,12.29,8.57,5.80,2.12,112501,19.8,100
us_3dep,N39PW113K,ASTER,canyon_range_point,DTM,FLAT,86.61,-87.42,17.96,-1.57,4.33,6.09,-1.03,6.29,4.40,1.70,1.57,38549,9.17,34.27
us_3dep,N39PW113K,ASTER,canyon_range_point,DTM,STEEP,86.61,-106.61,142.02,4.04,10.38,13.88,3.34,14.46,10.75,3.44,4.04,73952,23.35,65.73
us_3dep,N39PW113L,ASTER,canyon_range_point,DTM,ALL,85.68,-106.61,142.02,1.02,8.75,12.59,-0.24,12.63,8.67,5.74,1.02,111283,20.06,100
us_3dep,N39PW113L,ASTER,canyon_range_point,DTM,FLAT,85.68,-87.42,17.96,-3.32,4.95,7.00,-2.30,7.75,5.28,2.31,3.32,52094,11.43,46.81
us_3dep,N39PW113L,ASTER,canyon_range_point,DTM,STEEP,85.68,-106.61,142.02,4.83,11.10,14.96,4.11,15.72,11.65,2.65,4.83,59189,25.18,53.19
us_3dep,N39QW113G,ASTER,canyon_range_point,DTM,ALL,85.46,-106.61,142.02,-6.78,3.88,5.01,-5.98,8.43,6.88,5.99,6.78,111093,13.38,100
us_3dep,N39QW113G,ASTER,canyon_range_point,DTM,FLAT,85.46,-87.42,17.96,-6.78,3.88,5.01,-5.98,8.43,6.88,5.99,6.78,111093,13.38,100
us_3dep,N39QW113H,ASTER,canyon_range_point,DTM,ALL,100.00,-106.61,142.02,-1.74,4.55,6.57,-2.19,6.80,4.96,3.72,1.74,130321,10.79,100
us_3dep,N39QW113H,ASTER,canyon_range_point,DTM,FLAT,100.00,-87.42,17.96,-3.00,3.59,4.84,-2.66,5.69,4.28,3.14,3.00,114496,9.08,87.86
us_3dep,N39QW113H,ASTER,canyon_range_point,DTM,STEEP,100.00,-106.61,142.02,7.31,7.60,9.62,7.54,12.08,9.88,0.37,7.31,15825,19.6,12.14
us_3dep,N39QW113J,ASTER,canyon_range_point,DTM,ALL,100.00,-109.41,142.02,3.33,8.96,12.37,1.89,12.81,9.03,6.32,3.33,130321,20.29,100
us_3dep,N39QW113J,ASTER,canyon_range_point,DTM,FLAT,100.00,-102.27,17.96,-2.08,4.98,6.74,-1.53,7.06,5.13,2.20,2.08,51678,10.82,39.65
us_3dep,N39QW113J,ASTER,canyon_range_point,DTM,STEEP,100.00,-109.41,142.02,6.89,10.24,13.85,6.31,15.47,11.60,3.44,6.89,78643,24.33,60.35
us_3dep,N39QW113K,ASTER,canyon_range_point,DTM,ALL,100.00,-233.53,224.65,-0.66,6.69,10.59,-2.01,10.61,6.85,4.59,0.66,130321,15.06,100
us_3dep,N39QW113K,ASTER,canyon_range_point,DTM,FLAT,100.00,-121.21,17.96,-3.47,3.67,5.28,-3.09,6.32,4.61,2.84,3.47,84632,9.37,64.94
us_3dep,N39QW113K,ASTER,canyon_range_point,DTM,STEEP,100.00,-233.53,224.65,4.57,10.45,15.04,3.98,15.72,11.00,1.52,4.57,45689,23.18,35.06
us_3dep,N39QW113L,ASTER,canyon_range_point,DTM,ALL,100.00,-233.53,224.65,1.16,9.17,12.60,-0.32,12.65,9.07,6.25,1.16,130321,21.07,100
us_3dep,N39QW113L,ASTER,canyon_range_point,DTM,FLAT,100.00,-121.21,17.96,-3.92,4.85,7.33,-2.66,8.31,5.35,2.02,3.92,50278,11.62,38.58
us_3dep,N39QW113L,ASTER,canyon_range_point,DTM,STEEP,100.00,-233.53,224.65,4.35,10.93,14.08,3.95,14.73,11.41,3.34,4.35,80043,24.22,61.42
us_3dep,N39RW113G,ASTER,canyon_range_point,DTM,ALL,100.00,-233.53,224.65,-5.90,3.85,5.36,-5.32,7.98,6.27,5.41,5.90,130321,12.3,100
us_3dep,N39RW113G,ASTER,canyon_range_point,DTM,FLAT,100.00,-139.05,17.96,-5.99,3.78,5.13,-5.35,7.89,6.22,5.38,5.99,129665,12.22,99.5
us_3dep,N39RW113G,ASTER,canyon_range_point,DTM,STEEP,100.00,-233.53,224.65,12.01,10.57,14.07,11.54,18.48,14.91,0.00,12.01,656,30.29,0.5
us_3dep,N39RW113H,ASTER,canyon_range_point,DTM,ALL,100.00,-233.53,224.65,-0.88,6.09,8.57,-1.85,8.62,6.27,4.57,0.88,130321,14.02,100
us_3dep,N39RW113H,ASTER,canyon_range_point,DTM,FLAT,100.00,-139.05,17.96,-3.63,4.07,5.45,-3.09,6.54,4.88,3.06,3.63,93837,10.46,72
us_3dep,N39RW113H,ASTER,canyon_range_point,DTM,STEEP,100.00,-233.53,224.65,6.18,8.45,10.82,6.00,12.46,9.85,1.10,6.18,36484,20.35,28
us_3dep,N39RW113J,ASTER,canyon_range_point,DTM,ALL,100.00,-273.48,294.94,5.24,12.03,16.69,3.90,17.49,12.46,9.07,5.24,130321,27.25,100
us_3dep,N39RW113J,ASTER,canyon_range_point,DTM,FLAT,100.00,-215.06,17.96,-5.06,7.08,10.35,-3.05,11.52,7.43,0.74,5.06,12086,16.95,9.27
us_3dep,N39RW113J,ASTER,canyon_range_point,DTM,STEEP,100.00,-273.48,294.94,6.29,12.20,16.86,5.15,17.99,12.97,8.03,6.29,118235,28.02,90.73
us_3dep,N39RW113K,ASTER,canyon_range_point,DTM,ALL,100.00,-273.48,294.94,0.29,7.15,11.96,-0.91,11.97,7.10,4.05,0.29,130321,16.9,100
us_3dep,N39RW113K,ASTER,canyon_range_point,DTM,FLAT,100.00,-215.06,17.96,-2.14,3.57,4.99,-1.70,5.43,3.84,2.39,2.14,85033,8.15,65.25
us_3dep,N39RW113K,ASTER,canyon_range_point,DTM,STEEP,100.00,-273.48,294.94,4.87,12.70,18.25,4.17,18.89,13.22,1.21,4.87,45288,28.28,34.75
us_3dep,N39RW113L,ASTER,canyon_range_point,DTM,ALL,100.00,-273.48,294.94,-0.87,5.98,8.66,-0.98,8.70,6.04,4.29,0.87,130321,13.75,100
us_3dep,N39RW113L,ASTER,canyon_range_point,DTM,FLAT,100.00,-215.06,17.96,-2.69,4.52,6.23,-1.89,6.79,4.73,2.94,2.69,98148,10.35,75.31
us_3dep,N39RW113L,ASTER,canyon_range_point,DTM,STEEP,100.00,-273.48,294.94,4.66,9.23,12.02,4.71,12.89,10.04,0.57,4.66,32173,20.96,24.69
us_3dep,N39PW113H,FABDEM,canyon_range_point,DTM,ALL,88.75,-46.44,16.86,0.25,0.49,0.93,0.09,0.96,0.47,0.22,0.25,115293,1.01,100
us_3dep,N39PW113H,FABDEM,canyon_range_point,DTM,FLAT,88.75,-36.98,15.94,0.25,0.48,0.89,0.09,0.93,0.46,0.22,0.25,114967,1,99.72
us_3dep,N39PW113H,FABDEM,canyon_range_point,DTM,STEEP,88.75,-46.44,16.86,1.74,3.45,4.39,1.55,4.72,3.68,0.00,1.74,326,7.58,0.28
us_3dep,N39PW113J,FABDEM,canyon_range_point,DTM,ALL,87.65,-46.44,33.17,0.37,1.58,2.70,0.12,2.73,1.56,0.64,0.37,113856,4.28,100
us_3dep,N39PW113J,FABDEM,canyon_range_point,DTM,FLAT,87.65,-36.98,16.88,0.10,1.24,2.21,0.08,2.21,1.24,0.50,0.10,99755,3.36,87.62
us_3dep,N39PW113J,FABDEM,canyon_range_point,DTM,STEEP,87.65,-46.44,33.17,2.34,3.41,4.46,1.91,5.04,3.78,0.05,2.34,14101,8.35,12.38
us_3dep,N39PW113K,FABDEM,canyon_range_point,DTM,ALL,86.61,-92.28,159.84,1.24,4.70,7.32,0.66,7.42,4.72,2.81,1.24,112501,11.35,100
us_3dep,N39PW113K,FABDEM,canyon_range_point,DTM,FLAT,86.61,-65.27,16.88,-0.32,2.39,3.97,0.08,3.98,2.35,0.69,0.32,38549,5.58,34.27
us_3dep,N39PW113K,FABDEM,canyon_range_point,DTM,STEEP,86.61,-92.28,159.84,2.05,5.77,8.45,1.62,8.69,5.95,1.52,2.05,73952,13.6,65.73
us_3dep,N39PW113L,FABDEM,canyon_range_point,DTM,ALL,85.68,-135.28,159.84,0.89,4.65,7.98,0.22,8.03,4.59,2.13,0.89,111283,11.85,100
us_3dep,N39PW113L,FABDEM,canyon_range_point,DTM,FLAT,85.68,-65.27,16.88,-0.56,2.09,3.99,-0.02,4.03,1.98,0.60,0.56,52094,4.89,46.81
us_3dep,N39PW113L,FABDEM,canyon_range_point,DTM,STEEP,85.68,-135.28,159.84,2.16,6.77,10.11,1.43,10.34,6.88,0.71,2.16,59189,15.74,53.19
us_3dep,N39QW113G,FABDEM,canyon_range_point,DTM,ALL,85.46,-135.28,159.84,0.24,0.48,0.78,0.11,0.82,0.47,0.26,0.24,111093,1.13,100
us_3dep,N39QW113G,FABDEM,canyon_range_point,DTM,FLAT,85.46,-65.27,16.88,0.24,0.48,0.78,0.11,0.82,0.47,0.26,0.24,111093,1.13,100
us_3dep,N39QW113H,FABDEM,canyon_range_point,DTM,ALL,100.00,-135.28,159.84,0.33,1.70,3.27,0.09,3.28,1.68,0.58,0.33,130321,4.64,100
us_3dep,N39QW113H,FABDEM,canyon_range_point,DTM,FLAT,100.00,-65.27,16.88,-0.02,1.18,2.34,0.06,2.34,1.18,0.47,0.02,114496,3,87.86
us_3dep,N39QW113H,FABDEM,canyon_range_point,DTM,STEEP,100.00,-135.28,159.84,2.85,4.87,6.42,2.36,7.02,5.27,0.05,2.85,15825,11.83,12.14
us_3dep,N39QW113J,FABDEM,canyon_range_point,DTM,ALL,100.00,-135.28,159.84,1.00,4.58,7.14,0.58,7.21,4.61,2.75,1.00,130321,11.02,100
us_3dep,N39QW113J,FABDEM,canyon_range_point,DTM,FLAT,100.00,-68.58,16.88,-0.35,2.69,4.34,0.17,4.35,2.64,0.83,0.35,51678,6.11,39.65
us_3dep,N39QW113J,FABDEM,canyon_range_point,DTM,STEEP,100.00,-135.28,159.84,1.89,5.79,8.38,1.34,8.59,5.90,1.37,1.89,78643,13.57,60.35
us_3dep,N39QW113K,FABDEM,canyon_range_point,DTM,ALL,100.00,-135.28,161.36,0.42,2.77,5.74,0.08,5.76,2.72,0.76,0.42,130321,7.72,100
us_3dep,N39QW113K,FABDEM,canyon_range_point,DTM,FLAT,100.00,-81.76,16.88,-0.09,1.01,2.40,0.05,2.40,0.99,0.30,0.09,84632,2.26,64.94
us_3dep,N39QW113K,FABDEM,canyon_range_point,DTM,STEEP,100.00,-135.28,161.36,1.37,5.88,9.05,0.92,9.15,5.93,0.12,1.37,45689,13.43,35.06
us_3dep,N39QW113L,FABDEM,canyon_range_point,DTM,ALL,100.00,-135.28,161.36,0.84,4.77,7.62,0.22,7.66,4.71,2.42,0.84,130321,12.32,100
us_3dep,N39QW113L,FABDEM,canyon_range_point,DTM,FLAT,100.00,-81.76,16.88,-0.84,2.25,4.54,-0.01,4.61,1.98,0.45,0.84,50278,4.87,38.58
us_3dep,N39QW113L,FABDEM,canyon_range_point,DTM,STEEP,100.00,-135.28,161.36,1.90,6.31,8.87,1.40,9.07,6.42,0.91,1.90,80043,14.72,61.42
us_3dep,N39RW113G,FABDEM,canyon_range_point,DTM,ALL,100.00,-135.28,161.36,0.74,0.92,1.78,0.50,1.93,1.03,0.59,0.74,130321,2.28,100
us_3dep,N39RW113G,FABDEM,canyon_range_point,DTM,FLAT,100.00,-81.76,17.29,0.71,0.87,1.51,0.50,1.67,0.98,0.59,0.71,129665,2.23,99.5
us_3dep,N39RW113G,FABDEM,canyon_range_point,DTM,STEEP,100.00,-135.28,161.36,5.87,10.14,12.44,5.70,13.74,11.02,0.00,5.87,656,22.96,0.5
us_3dep,N39RW113H,FABDEM,canyon_range_point,DTM,ALL,100.00,-135.28,161.36,0.57,2.67,4.58,0.28,4.62,2.67,1.13,0.57,130321,7.43,100
us_3dep,N39RW113H,FABDEM,canyon_range_point,DTM,FLAT,100.00,-81.76,17.35,-0.03,1.62,3.11,0.17,3.11,1.62,0.66,0.03,93837,3.92,72
us_3dep,N39RW113H,FABDEM,canyon_range_point,DTM,STEEP,100.00,-135.28,161.36,2.11,5.12,6.84,1.98,7.16,5.39,0.22,2.11,36484,11.65,28
us_3dep,N39RW113J,FABDEM,canyon_range_point,DTM,ALL,100.00,-135.28,169.01,1.45,6.61,10.23,0.85,10.33,6.64,4.12,1.45,130321,15.56,100
us_3dep,N39RW113J,FABDEM,canyon_range_point,DTM,FLAT,100.00,-82.97,17.50,-2.33,4.72,7.58,-0.44,7.93,4.30,0.30,2.33,12086,10.67,9.27
us_3dep,N39RW113J,FABDEM,canyon_range_point,DTM,STEEP,100.00,-135.28,169.01,1.84,6.82,10.39,1.17,10.55,6.88,3.57,1.84,118235,15.89,90.73
us_3dep,N39RW113K,FABDEM,canyon_range_point,DTM,ALL,100.00,-135.28,169.01,0.52,3.19,6.63,0.14,6.65,3.15,1.01,0.52,130321,8.58,100
us_3dep,N39RW113K,FABDEM,canyon_range_point,DTM,FLAT,100.00,-82.97,17.50,-0.02,1.10,2.35,0.09,2.35,1.10,0.52,0.02,85033,2.35,65.25
us_3dep,N39RW113K,FABDEM,canyon_range_point,DTM,STEEP,100.00,-135.28,169.01,1.53,6.96,10.71,0.99,10.81,7.00,0.25,1.53,45288,16.08,34.75
us_3dep,N39RW113L,FABDEM,canyon_range_point,DTM,ALL,100.00,-135.28,169.01,0.70,2.73,4.52,0.32,4.57,2.72,1.35,0.70,130321,7.12,100
us_3dep,N39RW113L,FABDEM,canyon_range_point,DTM,FLAT,100.00,-82.97,17.66,0.27,1.83,3.18,0.21,3.20,1.84,0.77,0.27,98148,4.82,75.31
us_3dep,N39RW113L,FABDEM,canyon_range_point,DTM,STEEP,100.00,-135.28,169.01,1.99,5.15,7.04,1.87,7.31,5.41,0.12,1.99,32173,11.67,24.69
italy,N46PE010J,COP,md_italy_1sec_point,DSM,ALL,100.00,-122.41,165.59,2.71,13.05,17.92,1.55,18.12,13.08,9.56,2.71,130321,28.94,100
italy,N46PE010J,COP,md_italy_1sec_point,DSM,FLAT,100.00,-103.60,16.25,-4.90,7.86,11.45,-1.78,12.45,7.55,0.76,4.90,13037,19.39,10
italy,N46PE010J,COP,md_italy_1sec_point,DSM,STEEP,100.00,-122.41,165.59,3.56,13.54,18.31,2.56,18.65,13.70,8.31,3.56,117284,29.59,90
italy,N46PE010J,SRTM,md_italy_1sec_point,DSM,ALL,100.00,-237.15,184.16,4.55,14.04,19.27,3.23,19.80,14.28,10.53,4.55,130321,31.03,100
italy,N46PE010J,SRTM,md_italy_1sec_point,DSM,FLAT,100.00,-143.36,17.58,-4.59,7.57,10.62,-2.18,11.57,7.56,0.88,4.59,13037,18.13,10
italy,N46PE010J,SRTM,md_italy_1sec_point,DSM,STEEP,100.00,-237.15,184.16,5.56,14.52,19.74,4.64,20.51,15.03,9.20,5.56,117284,32.04,90
italy,N46PE010J,ALOS,md_italy_1sec_area,DSM,ALL,100.00,-106.65,171.23,2.49,8.69,12.14,1.65,12.39,8.79,6.22,2.49,130312,19.82,100
italy,N46PE010J,ALOS,md_italy_1sec_area,DSM,FLAT,100.00,-61.40,16.99,-1.24,4.46,6.49,-0.55,6.61,4.44,0.52,1.24,12926,9.74,9.92
italy,N46PE010J,ALOS,md_italy_1sec_area,DSM,STEEP,100.00,-106.65,171.23,2.90,9.10,12.54,2.16,12.87,9.27,5.43,2.90,117386,20.57,90.08
italy,N46PE010J,NASA,md_italy_1sec_point,DSM,ALL,100.00,-158.54,187.17,4.81,13.96,19.06,3.30,19.65,14.21,10.47,4.81,130321,31.02,100
italy,N46PE010J,NASA,md_italy_1sec_point,DSM,FLAT,100.00,-102.64,17.88,-4.44,7.33,10.30,-2.21,11.21,7.35,0.88,4.44,13037,17.51,10
italy,N46PE010J,NASA,md_italy_1sec_point,DSM,STEEP,100.00,-158.54,187.17,5.83,14.44,19.53,4.76,20.38,14.97,9.13,5.83,117284,31.99,90
italy,N46PE010J,ASTER,md_italy_1sec_point,DSM,ALL,100.00,-129.76,184.85,4.23,15.08,20.29,2.63,20.72,15.19,11.33,4.23,130321,33.16,100
italy,N46PE010J,ASTER,md_italy_1sec_point,DSM,FLAT,100.00,-89.62,16.96,-5.84,7.35,10.11,-3.95,11.68,8.06,0.97,5.84,13037,18.49,10
italy,N46PE010J,ASTER,md_italy_1sec_point,DSM,STEEP,100.00,-129.76,184.85,5.35,15.58,20.82,4.29,21.50,15.98,9.90,5.35,117284,34.28,90
italy,N46PE010J,FABDEM,md_italy_1sec_point,DSM,ALL,100.00,-189.94,168.95,3.55,13.27,18.45,2.33,18.79,13.40,9.68,3.55,130321,29.68,100
italy,N46PE010J,FABDEM,md_italy_1sec_point,DSM,FLAT,100.00,-98.66,17.47,-3.59,8.27,11.81,-0.17,12.34,7.55,0.73,3.59,13037,19.09,10
italy,N46PE010J,FABDEM,md_italy_1sec_point,DSM,STEEP,100.00,-189.94,168.95,4.34,13.81,18.88,3.18,19.37,14.05,8.44,4.34,117284,30.39,90
