AREA,DEMIX_TILE,DEM,REF_DEM,REF_TYPE,GRID_FULL,ELD_MIN,ELD_Max,ELD_Mean,ELD_AVG,ELD_STD,ELD_MEDIAN,ELD_RMSE,ELD_MAE,ELD_AB_MD,ELD_AB_MN,ELD_N,ELD_LE90
brazil,S08PW038C,COP,md_pe3d_mdt_1m_elev_S08PW038C_1m_1sec_point,DTM,99.11,-20.01,579.87,1.82,3.06,23.13,0.56,23.20,2.81,1.19,1.82,129159,4.02
brazil,S08PW038C,COP,md_pe3d_mds_1m_elev_S08PW038C_1m_1sec_point,DSM,99.11,-27.35,579.87,0.17,2.97,23.66,-0.77,23.66,2.90,1.31,0.17,129171,3.97
brazil,S08PW038C,SRTM,md_pe3d_mdt_1m_elev_S08PW038C_1m_1sec_point,DTM,99.11,-20.27,583.23,5.20,3.40,23.18,4.02,23.76,5.40,4.06,5.20,129159,7.57
brazil,S08PW038C,SRTM,md_pe3d_mds_1m_elev_S08PW038C_1m_1sec_point,DSM,99.11,-26.17,583.23,3.56,3.38,23.70,2.53,23.97,4.18,2.74,3.56,129171,6.02
brazil,S08PW038C,ALOS,md_pe3d_mdt_1m_elev_S08PW038C_1m_1sec_area,DTM,99.11,-20.67,28.51,2.54,1.32,1.89,2.25,3.17,2.58,2.25,2.54,128163,4.72
brazil,S08PW038C,ALOS,md_pe3d_mds_1m_elev_S08PW038C_1m_1sec_area,DSM,99.11,-26.55,28.45,0.85,1.35,1.79,0.87,1.98,1.53,1.28,0.85,128164,3.02
brazil,S08PW038C,NASA,md_pe3d_mdt_1m_elev_S08PW038C_1m_1sec_point,DTM,99.11,-23.27,578.23,0.50,3.37,23.16,-0.67,23.17,3.22,1.70,0.50,129159,4.61
brazil,S08PW038C,NASA,md_pe3d_mds_1m_elev_S08PW038C_1m_1sec_point,DSM,99.11,-29.17,578.23,-1.15,3.34,23.69,-2.17,23.72,3.90,2.43,1.15,129171,5.61
brazil,S08PW038C,ASTER,md_pe3d_mdt_1m_elev_S08PW038C_1m_1sec_point,DTM,99.11,-32.42,576.23,-1.72,4.49,23.39,-2.69,23.45,5.09,3.42,1.72,129159,8.47
brazil,S08PW038C,ASTER,md_pe3d_mds_1m_elev_S08PW038C_1m_1sec_point,DSM,99.11,-37.11,576.23,-3.37,4.51,23.91,-4.23,24.15,6.10,4.45,3.37,129171,10.03
brazil,S08PW038C,FABDEM,md_pe3d_mdt_1m_elev_S08PW038C_1m_1sec_point,DTM,99.11,-20.93,578.74,1.52,2.96,23.12,0.37,23.17,2.70,1.12,1.52,129159,3.7
brazil,S08PW038C,FABDEM,md_pe3d_mds_1m_elev_S08PW038C_1m_1sec_point,DSM,99.11,-27.65,578.74,-0.13,3.00,23.67,-0.97,23.67,3.05,1.40,0.13,129171,4.37
brazil,S08PW038D,COP,md_pe3d_mdt_1m_elev_S08PW038D_1m_1sec_point,DTM,99.45,-42.94,41.35,1.27,3.88,5.84,0.75,5.97,3.93,2.22,1.27,129599,10.09
brazil,S08PW038D,COP,md_pe3d_mds_1m_elev_S08PW038D_1m_1sec_point,DSM,99.45,-48.62,38.73,-0.12,3.89,5.92,-0.21,5.92,3.89,2.13,0.12,129599,10.1
brazil,S08PW038D,SRTM,md_pe3d_mdt_1m_elev_S08PW038D_1m_1sec_point,DTM,99.45,-47.77,70.51,3.68,4.07,6.04,3.24,7.08,5.20,3.85,3.68,129599,11.38
brazil,S08PW038D,SRTM,md_pe3d_mds_1m_elev_S08PW038D_1m_1sec_point,DSM,99.45,-49.33,68.62,2.29,4.12,6.11,2.21,6.53,4.65,3.28,2.29,129599,10.61
brazil,S08PW038D,ALOS,md_pe3d_mdt_1m_elev_S08PW038D_1m_1sec_area,DTM,99.45,-36.27,36.87,2.46,2.00,2.75,1.69,3.69,2.66,1.75,2.46,128522,6.38
brazil,S08PW038D,ALOS,md_pe3d_mds_1m_elev_S08PW038D_1m_1sec_area,DSM,99.45,-38.65,34.94,1.07,1.77,2.56,0.77,2.78,1.90,1.23,1.07,128522,4.63
brazil,S08PW038D,NASA,md_pe3d_mdt_1m_elev_S08PW038D_1m_1sec_point,DTM,99.45,-52.77,63.20,-0.79,4.05,6.02,-1.27,6.07,4.21,2.81,0.79,129599,9.91
brazil,S08PW038D,NASA,md_pe3d_mds_1m_elev_S08PW038D_1m_1sec_point,DSM,99.45,-54.23,61.65,-2.18,4.09,6.09,-2.31,6.47,4.68,3.39,2.18,129599,10.52
brazil,S08PW038D,ASTER,md_pe3d_mdt_1m_elev_S08PW038D_1m_1sec_point,DTM,99.45,-65.44,45.22,-3.29,5.09,7.23,-3.12,7.95,5.83,4.41,3.29,129599,12.5
brazil,S08PW038D,ASTER,md_pe3d_mds_1m_elev_S08PW038D_1m_1sec_point,DSM,99.45,-67.91,40.99,-4.68,5.17,7.33,-4.20,8.69,6.48,5.02,4.68,129599,13.65
brazil,S08PW038D,FABDEM,md_pe3d_mdt_1m_elev_S08PW038D_1m_1sec_point,DTM,99.45,-51.24,41.04,0.67,3.76,5.76,0.48,5.80,3.79,2.09,0.67,129599,9.88
brazil,S08PW038D,FABDEM,md_pe3d_mds_1m_elev_S08PW038D_1m_1sec_point,DSM,99.45,-56.92,38.31,-0.72,3.88,5.89,-0.47,5.94,3.90,2.13,0.72,129599,10.16
brazil,S08QW038C,COP,md_pe3d_mdt_1m_elev_S08QW038C_1m_1sec_point,DTM,99.11,-39.75,915.38,2.69,4.20,29.08,0.91,29.21,3.82,1.55,2.69,129160,5.55
brazil,S08QW038C,COP,md_pe3d_mds_1m_elev_S08QW038C_1m_1sec_point,DSM,99.11,-40.90,915.38,0.94,3.96,29.77,-0.36,29.79,3.66,1.49,0.94,129166,5.21
brazil,S08QW038C,SRTM,md_pe3d_mdt_1m_elev_S08QW038C_1m_1sec_point,DTM,99.11,-39.15,919.36,5.82,4.23,29.08,4.21,29.66,6.13,4.28,5.82,129160,8.42
brazil,S08QW038C,SRTM,md_pe3d_mds_1m_elev_S08QW038C_1m_1sec_point,DSM,99.11,-43.00,919.36,4.07,4.12,29.78,2.75,30.06,4.89,3.02,4.07,129166,6.86
brazil,S08QW038C,ALOS,md_pe3d_mdt_1m_elev_S08QW038C_1m_1sec_area,DTM,99.11,-30.60,27.32,3.84,1.65,2.31,3.19,4.48,3.85,3.20,3.84,128164,7.09
brazil,S08QW038C,ALOS,md_pe3d_mds_1m_elev_S08QW038C_1m_1sec_area,DSM,99.11,-32.19,20.33,2.04,1.23,1.70,1.99,2.66,2.21,2.03,2.04,128163,3.93
brazil,S08QW038C,NASA,md_pe3d_mdt_1m_elev_S08QW038C_1m_1sec_point,DTM,99.11,-42.16,915.36,1.59,4.31,29.12,-0.09,29.16,3.90,1.79,1.59,129160,5.5
brazil,S08QW038C,NASA,md_pe3d_mds_1m_elev_S08QW038C_1m_1sec_point,DSM,99.11,-47.00,915.36,-0.15,4.16,29.81,-1.56,29.81,4.22,2.25,0.15,129166,6.06
brazil,S08QW038C,ASTER,md_pe3d_mdt_1m_elev_S08QW038C_1m_1sec_point,DTM,99.11,-37.59,911.36,1.12,5.09,29.24,-0.60,29.26,4.82,2.64,1.12,129160,7.5
brazil,S08QW038C,ASTER,md_pe3d_mds_1m_elev_S08QW038C_1m_1sec_point,DSM,99.11,-43.87,911.36,-0.63,4.94,29.92,-2.09,29.93,5.17,3.12,0.63,129166,8.05
brazil,S08QW038C,FABDEM,md_pe3d_mdt_1m_elev_S08QW038C_1m_1sec_point,DTM,99.11,-39.48,914.93,2.22,4.00,29.04,0.62,29.13,3.60,1.42,2.22,129160,4.97
brazil,S08QW038C,FABDEM,md_pe3d_mds_1m_elev_S08QW038C_1m_1sec_point,DSM,99.11,-40.63,914.93,0.47,3.91,29.76,-0.66,29.76,3.76,1.59,0.47,129166,5.51
brazil,S08QW038D,COP,md_pe3d_mdt_1m_elev_S08QW038D_1m_1sec_point,DTM,99.45,-22.28,13.23,0.58,1.37,1.79,0.46,1.88,1.42,1.10,0.58,129600,3.06
brazil,S08QW038D,COP,md_pe3d_mds_1m_elev_S08QW038D_1m_1sec_point,DSM,99.45,-24.55,13.76,0.00,1.37,1.81,-0.08,1.81,1.37,1.09,0.00,129600,2.89
brazil,S08QW038D,SRTM,md_pe3d_mdt_1m_elev_S08QW038D_1m_1sec_point,DTM,99.45,-26.94,18.29,3.63,1.70,2.19,3.58,4.24,3.72,3.59,3.63,129600,6.4
brazil,S08QW038D,SRTM,md_pe3d_mds_1m_elev_S08QW038D_1m_1sec_point,DSM,99.45,-27.75,18.57,3.05,1.74,2.25,3.02,3.79,3.23,3.05,3.05,129600,5.88
brazil,S08QW038D,ALOS,md_pe3d_mdt_1m_elev_S08QW038D_1m_1sec_area,DTM,99.45,-19.21,17.75,2.08,0.95,1.36,1.82,2.48,2.09,1.82,2.08,128522,3.69
brazil,S08QW038D,ALOS,md_pe3d_mds_1m_elev_S08QW038D_1m_1sec_area,DSM,99.45,-22.20,17.38,1.51,0.93,1.34,1.36,2.02,1.60,1.38,1.51,128521,2.98
brazil,S08QW038D,NASA,md_pe3d_mdt_1m_elev_S08QW038D_1m_1sec_point,DTM,99.45,-30.94,13.29,-0.66,1.71,2.20,-0.70,2.30,1.80,1.51,0.66,129600,3.71
brazil,S08QW038D,NASA,md_pe3d_mds_1m_elev_S08QW038D_1m_1sec_point,DSM,99.45,-31.75,13.57,-1.23,1.76,2.26,-1.26,2.57,2.04,1.74,1.23,129600,4.14
brazil,S08QW038D,ASTER,md_pe3d_mdt_1m_elev_S08QW038D_1m_1sec_point,DTM,99.45,-29.76,53.11,-2.86,3.00,3.93,-2.85,4.86,3.86,3.31,2.86,129600,7.73
brazil,S08QW038D,ASTER,md_pe3d_mds_1m_elev_S08QW038D_1m_1sec_point,DSM,99.45,-29.77,53.05,-3.44,3.00,3.93,-3.42,5.22,4.21,3.70,3.44,129600,8.26
brazil,S08QW038D,FABDEM,md_pe3d_mdt_1m_elev_S08QW038D_1m_1sec_point,DTM,99.45,-22.99,12.67,0.20,1.33,1.73,0.14,1.74,1.34,1.07,0.20,129600,2.79
brazil,S08QW038D,FABDEM,md_pe3d_mds_1m_elev_S08QW038D_1m_1sec_point,DSM,99.45,-25.25,13.01,-0.37,1.40,1.83,-0.39,1.87,1.43,1.16,0.37,129600,2.97
la_palma,N28UW018B,COP,md_dtm-2m_1sec_point,DTM,87.18,-36.97,120.15,5.78,5.44,7.30,5.16,9.32,7.15,5.77,5.78,113612,14.87
la_palma,N28VW018B,COP,md_dtm-2m_1sec_point,DTM,100.00,-100.27,198.36,7.36,10.54,15.45,3.17,17.12,10.47,5.63,7.36,130321,25.95
la_palma,N28XW018A,COP,md_dtm-2m_1sec_point,DTM,91.08,-144.51,203.28,5.52,11.41,16.80,2.68,17.68,11.40,7.42,5.52,118702,25.69
la_palma,N28XW018B,COP,md_dtm-2m_1sec_point,DTM,100.00,-202.36,320.67,12.04,19.86,29.21,7.94,31.59,20.69,14.12,12.04,130320,43.97
la_palma,N28UW018B,COP,md_dsm_5m_1sec_point,DSM,87.18,-41.90,120.57,1.36,5.27,7.26,1.18,7.38,5.37,4.04,1.36,113615,11.57
la_palma,N28VW018B,COP,md_dsm_5m_1sec_point,DSM,100.00,-128.75,195.81,0.83,9.45,15.76,-0.38,15.79,9.36,5.35,0.83,130321,21.53
la_palma,N28XW018A,COP,md_dsm_5m_1sec_point,DSM,91.08,-147.68,201.63,0.05,11.13,16.86,-1.55,16.86,11.13,7.81,0.05,118995,23.03
la_palma,N28XW018B,COP,md_dsm_5m_1sec_point,DSM,100.00,-204.47,312.29,3.87,19.92,29.75,-0.82,30.00,19.54,13.93,3.87,130321,40.47
la_palma,N28UW018B,SRTM,md_dtm-2m_1sec_point,DTM,87.18,-107.92,190.46,11.76,5.77,7.89,11.22,14.16,12.18,11.28,11.76,113612,21.15
la_palma,N28VW018B,SRTM,md_dtm-2m_1sec_point,DTM,100.00,-136.73,234.67,13.81,10.46,16.26,10.31,21.33,15.17,10.69,13.81,130321,31.63
la_palma,N28XW018A,SRTM,md_dtm-2m_1sec_point,DTM,91.08,-169.59,261.18,13.91,11.30,17.30,11.30,22.20,15.71,11.80,13.91,118702,32.37
la_palma,N28XW018B,SRTM,md_dtm-2m_1sec_point,DTM,100.00,-193.72,333.29,20.75,21.24,31.00,15.98,37.30,25.56,18.08,20.75,130320,55.3
la_palma,N28UW018B,SRTM,md_dsm_5m_1sec_point,DSM,87.18,-108.01,190.56,7.34,5.54,7.74,7.26,10.67,8.56,7.63,7.34,113615,15.99
la_palma,N28VW018B,SRTM,md_dsm_5m_1sec_point,DSM,100.00,-146.95,222.18,7.27,9.82,16.73,6.60,18.24,11.81,8.13,7.27,130321,24.69
la_palma,N28XW018A,SRTM,md_dsm_5m_1sec_point,DSM,91.08,-170.29,261.26,8.43,10.94,17.35,6.78,19.29,12.58,8.90,8.43,118995,25.87
la_palma,N28XW018B,SRTM,md_dsm_5m_1sec_point,DSM,100.00,-195.83,324.50,12.58,21.46,31.64,7.15,34.05,22.00,14.22,12.58,130321,49.71
la_palma,N28UW018B,ALOS,md_dtm-2m_1sec_area,DTM,87.18,-49.62,139.75,7.91,2.63,4.14,7.62,8.93,8.04,7.64,7.91,113706,11.98
la_palma,N28VW018B,ALOS,md_dtm-2m_1sec_area,DTM,100.00,-137.88,244.87,12.45,6.05,11.52,10.00,16.96,12.89,10.05,12.45,130321,21.81
la_palma,N28XW018A,ALOS,md_dtm-2m_1sec_area,DTM,91.08,-137.88,445.58,10.98,4.36,11.36,9.44,15.80,11.34,9.48,10.98,118666,17.24
la_palma,N28XW018B,ALOS,md_dtm-2m_1sec_area,DTM,100.00,-233.93,506.03,16.10,11.24,26.54,11.45,31.05,17.73,11.74,16.10,130321,28.77
la_palma,N28UW018B,ALOS,md_dsm_5m_1sec_area,DSM,87.18,-49.62,139.80,3.48,3.33,4.56,3.54,5.74,4.50,3.98,3.48,113687,8.49
la_palma,N28VW018B,ALOS,md_dsm_5m_1sec_area,DSM,100.00,-149.05,226.95,5.91,5.42,11.78,6.24,13.18,7.95,6.64,5.91,130321,12.17
la_palma,N28XW018A,ALOS,md_dsm_5m_1sec_area,DSM,91.08,-149.05,443.02,5.50,4.50,11.50,5.80,12.74,6.96,6.09,5.50,118969,10.58
la_palma,N28XW018B,ALOS,md_dsm_5m_1sec_area,DSM,100.00,-237.73,489.73,7.94,10.34,26.37,5.34,27.54,11.51,6.31,7.94,130321,19.59
la_palma,N28UW018B,NASA,md_dtm-2m_1sec_point,DTM,87.18,-95.04,137.46,9.58,5.81,7.85,8.96,12.39,10.27,9.12,9.58,113612,19.12
la_palma,N28VW018B,NASA,md_dtm-2m_1sec_point,DTM,100.00,-101.95,221.55,11.81,10.60,16.43,8.05,20.23,13.58,8.71,11.81,130321,30.16
la_palma,N28XW018A,NASA,md_dtm-2m_1sec_point,DTM,91.08,-138.24,249.49,10.44,11.51,18.07,7.39,20.87,13.32,8.79,10.44,118702,28.92
la_palma,N28XW018B,NASA,md_dtm-2m_1sec_point,DTM,100.00,-263.44,380.29,18.68,21.53,31.73,13.43,36.82,24.43,16.42,18.68,130320,53.86
la_palma,N28UW018B,NASA,md_dsm_5m_1sec_point,DSM,87.18,-100.11,137.56,5.15,5.50,7.61,5.05,9.19,7.09,5.91,5.15,113615,14.16
la_palma,N28VW018B,NASA,md_dsm_5m_1sec_point,DSM,100.00,-126.55,215.86,5.27,9.83,16.80,4.37,17.61,10.80,6.61,5.27,130321,23.81
la_palma,N28XW018A,NASA,md_dsm_5m_1sec_point,DSM,91.08,-140.22,252.02,4.97,11.10,18.12,2.88,18.79,11.27,7.31,4.97,118995,23.33
la_palma,N28XW018B,NASA,md_dsm_5m_1sec_point,DSM,100.00,-265.15,371.50,10.51,21.79,32.42,4.66,34.08,21.63,13.84,10.51,130321,48.64
la_palma,N28UW018B,ASTER,md_dtm-2m_1sec_point,DTM,87.18,-75.28,124.59,13.19,8.09,10.53,11.87,16.88,13.91,12.06,13.19,113612,26.8
la_palma,N28VW018B,ASTER,md_dtm-2m_1sec_point,DTM,100.00,-87.21,241.14,15.25,12.51,18.45,10.50,23.94,16.77,11.14,15.25,130321,36.06
la_palma,N28XW018A,ASTER,md_dtm-2m_1sec_point,DTM,91.08,-145.24,241.14,13.51,14.39,20.35,9.75,24.43,16.93,11.48,13.51,118702,38.01
la_palma,N28XW018B,ASTER,md_dtm-2m_1sec_point,DTM,100.00,-190.06,365.52,25.03,21.94,31.56,20.30,40.28,28.73,21.79,25.03,130320,61.05
la_palma,N28UW018B,ASTER,md_dsm_5m_1sec_point,DSM,87.18,-78.62,125.01,8.76,6.36,8.89,8.22,12.48,9.92,8.54,8.76,113615,19
la_palma,N28VW018B,ASTER,md_dsm_5m_1sec_point,DSM,100.00,-119.98,231.26,8.72,11.02,18.17,6.51,20.16,12.95,8.10,8.72,130321,28.8
la_palma,N28XW018A,ASTER,md_dsm_5m_1sec_point,DSM,91.08,-148.22,234.73,8.03,13.00,19.59,5.31,21.17,13.77,8.93,8.03,118995,30.8
la_palma,N28XW018B,ASTER,md_dsm_5m_1sec_point,DSM,100.00,-192.11,361.03,16.86,22.26,32.31,11.61,36.44,24.38,16.33,16.86,130321,55.01
la_palma,N28UW018B,FABDEM,md_dtm-2m_1sec_point,DTM,87.18,-44.68,119.74,2.67,5.21,7.14,2.41,7.63,5.61,4.31,2.67,113612,11.89
la_palma,N28VW018B,FABDEM,md_dtm-2m_1sec_point,DTM,100.00,-131.61,197.79,1.98,9.45,14.89,0.08,15.02,9.23,5.65,1.98,130321,21.42
la_palma,N28XW018A,FABDEM,md_dtm-2m_1sec_point,DTM,91.08,-159.31,203.70,1.06,11.43,17.22,-1.05,17.25,11.32,8.07,1.06,118702,22.88
la_palma,N28XW018B,FABDEM,md_dtm-2m_1sec_point,DTM,100.00,-202.40,321.27,5.43,20.16,29.75,1.01,30.24,19.85,14.22,5.43,130320,40.91
la_palma,N28UW018B,FABDEM,md_dsm_5m_1sec_point,DSM,87.18,-47.53,120.16,-1.75,6.22,8.27,-1.56,8.45,6.36,5.00,1.75,113615,13.57
la_palma,N28VW018B,FABDEM,md_dsm_5m_1sec_point,DSM,100.00,-142.84,195.24,-4.55,10.20,16.23,-3.27,16.85,10.70,7.00,4.55,130321,23.68
la_palma,N28XW018A,FABDEM,md_dsm_5m_1sec_point,DSM,91.08,-167.68,202.05,-4.40,11.97,17.93,-5.03,18.46,12.80,9.48,4.40,118995,26.44
la_palma,N28XW018B,FABDEM,md_dsm_5m_1sec_point,DSM,100.00,-204.51,312.49,-2.74,20.68,30.75,-6.64,30.87,21.21,15.94,2.74,130321,41.57
norway,N59QE009G,COP,md_dtm1m_1.5x1sec_point,DTM,76.65,-32.43,94.83,4.35,4.90,6.59,3.14,7.90,5.53,3.90,4.35,110963,12.88
norway,N59RE009G,COP,md_dtm1m_1.5x1sec_point,DTM,100.00,-32.43,94.83,4.11,4.57,5.99,2.89,7.27,5.15,3.53,4.11,144761,12.22
norway,N59RE010A,COP,md_dtm1m_1.5x1sec_point,DTM,100.00,-48.32,94.83,4.56,4.16,5.29,3.64,6.98,5.16,3.84,4.56,144761,11.77
norway,N59RE010B,COP,md_dtm1m_1.5x1sec_point,DTM,100.00,-48.32,94.83,4.06,4.12,5.07,2.77,6.50,4.58,2.98,4.06,144758,11.27
norway,N59RE010C,COP,md_dtm1m_1.5x1sec_point,DTM,100.00,-48.32,94.83,3.21,4.02,5.00,0.67,5.94,3.62,1.18,3.21,144759,11.13
norway,N59TE009G,COP,md_dtm1m_1.5x1sec_point,DTM,93.44,-48.32,94.83,3.66,4.20,5.49,2.86,6.60,4.86,3.57,3.66,135265,11.08
norway,N59TE010A,COP,md_dtm1m_1.5x1sec_point,DTM,99.12,-48.32,94.83,3.47,3.77,4.82,2.60,5.93,4.33,3.10,3.47,143483,10.01
norway,N59TE010B,COP,md_dtm1m_1.5x1sec_point,DTM,100.00,-48.32,94.83,3.41,4.00,4.96,1.48,6.02,3.98,1.93,3.41,144758,10.87
norway,N59TE010C,COP,md_dtm1m_1.5x1sec_point,DTM,100.00,-48.32,94.83,1.76,2.97,4.28,0.00,4.63,2.20,0.00,1.76,144760,8.34
norway,N59QE009G,COP,md_dsm1m_1sec_point,DSM,76.65,-40.76,77.01,-1.40,4.59,6.46,-1.15,6.61,4.71,3.46,1.40,110961,10.59
norway,N59RE009G,COP,md_dsm1m_1sec_point,DSM,100.00,-40.76,77.01,-1.86,3.96,5.41,-1.94,5.72,4.30,3.43,1.86,144759,9.16
norway,N59RE010A,COP,md_dsm1m_1sec_point,DSM,100.00,-49.30,77.01,-1.23,3.41,4.65,-1.21,4.80,3.59,2.75,1.23,144757,7.9
norway,N59RE010B,COP,md_dsm1m_1sec_point,DSM,100.00,-49.30,77.01,-0.73,2.67,3.86,-0.58,3.93,2.74,1.84,0.73,144760,6.46
norway,N59RE010C,COP,md_dsm1m_1sec_point,DSM,100.00,-49.30,77.01,-0.23,2.00,3.20,-0.16,3.21,2.00,0.98,0.23,144761,5.2
norway,N59TE009G,COP,md_dsm1m_1sec_point,DSM,93.44,-49.30,77.01,-1.76,3.85,5.17,-1.50,5.46,4.07,3.11,1.76,135264,8.91
norway,N59TE010A,COP,md_dsm1m_1sec_point,DSM,99.12,-49.30,77.01,-1.49,3.41,4.66,-1.21,4.89,3.59,2.61,1.49,143477,8.11
norway,N59TE010B,COP,md_dsm1m_1sec_point,DSM,100.00,-49.30,77.01,-0.59,2.51,3.78,-0.43,3.83,2.56,1.53,0.59,144758,6.35
norway,N59TE010C,COP,md_dsm1m_1sec_point,DSM,100.00,-501.61,77.01,-0.72,2.39,6.04,0.13,6.08,2.19,0.67,0.72,105705,5.47
norway,N59QE009G,SRTM,md_dtm1m_1sec_point,DTM,76.65,-47.99,74.77,5.38,5.05,6.63,4.71,8.54,6.53,5.27,5.38,166293,13.82
norway,N59RE009G,SRTM,md_dtm1m_1sec_point,DTM,100.00,-47.99,74.77,5.78,4.52,5.79,5.13,8.18,6.44,5.34,5.78,216958,13.33
norway,N59RE010A,SRTM,md_dtm1m_1sec_point,DTM,100.00,-47.99,74.77,6.17,4.03,5.09,5.74,8.00,6.57,5.82,6.17,216958,12.87
norway,N59RE010B,SRTM,md_dtm1m_1sec_point,DTM,100.00,-47.99,74.77,6.06,3.68,4.52,5.30,7.56,6.16,5.31,6.06,216958,12.36
norway,N59RE010C,SRTM,md_dtm1m_1sec_point,DTM,100.00,-47.99,74.77,4.37,3.40,4.24,3.10,6.09,4.46,3.13,4.37,216961,10.73
norway,N59TE009G,SRTM,md_dtm1m_1sec_point,DTM,93.44,-47.99,93.58,5.82,4.36,5.61,5.48,8.08,6.56,5.71,5.82,202731,13.07
norway,N59TE010A,SRTM,md_dtm1m_1sec_point,DTM,99.12,-47.99,93.58,5.93,3.76,4.75,5.56,7.60,6.30,5.65,5.93,215047,12.17
norway,N59TE010B,SRTM,md_dtm1m_1sec_point,DTM,100.00,-47.99,93.58,5.19,3.34,4.16,4.18,6.65,5.30,4.21,5.19,216957,11.24
norway,N59TE010C,SRTM,md_dtm1m_1sec_point,DTM,100.00,-47.99,93.58,2.45,3.07,4.05,0.09,4.74,2.67,0.09,2.45,216960,8.63
norway,N59QE009G,SRTM,md_dsm1m_1sec_point,DSM,76.65,-52.91,65.06,-0.39,5.33,7.01,-0.37,7.02,5.34,4.22,0.39,166295,11.51
norway,N59RE009G,SRTM,md_dsm1m_1sec_point,DSM,100.00,-52.91,65.06,-0.16,4.73,6.11,-0.47,6.12,4.74,3.82,0.16,216959,10.01
norway,N59RE010A,SRTM,md_dsm1m_1sec_point,DSM,100.00,-52.91,65.06,0.47,4.32,5.51,0.34,5.53,4.33,3.51,0.47,216956,9.12
norway,N59RE010B,SRTM,md_dsm1m_1sec_point,DSM,100.00,-52.91,65.06,1.28,3.60,4.81,1.38,4.97,3.81,2.89,1.28,216960,8.22
norway,N59RE010C,SRTM,md_dsm1m_1sec_point,DSM,100.00,-52.91,65.06,0.96,2.81,4.06,0.89,4.17,3.01,2.13,0.96,216961,6.93
norway,N59TE009G,SRTM,md_dsm1m_1sec_point,DSM,93.44,-52.91,88.03,0.54,4.64,6.06,0.41,6.08,4.65,3.63,0.54,202732,10.13
norway,N59TE010A,SRTM,md_dsm1m_1sec_point,DSM,99.12,-52.91,88.03,0.96,4.24,5.46,1.05,5.55,4.33,3.45,0.96,215043,9.25
norway,N59TE010B,SRTM,md_dsm1m_1sec_point,DSM,100.00,-52.91,88.03,1.21,3.36,4.53,1.59,4.69,3.64,2.85,1.21,216957,7.73
norway,N59TE010C,SRTM,md_dsm1m_1sec_point,DSM,100.00,-501.56,88.03,0.24,2.68,6.33,0.35,6.34,2.79,1.43,0.24,158361,6.61
norway,N59QE009G,ALOS,md_dtm1m_1sec_area,DTM,76.65,-42.21,40.23,6.29,4.19,5.31,5.35,8.23,6.52,5.40,6.29,167210,13.74
norway,N59RE009G,ALOS,md_dtm1m_1sec_area,DTM,100.00,-42.21,40.23,5.06,3.52,4.52,4.03,6.79,5.25,4.06,5.06,216960,11.57
norway,N59RE010A,ALOS,md_dtm1m_1sec_area,DTM,100.00,-42.21,93.85,5.97,3.51,4.82,5.07,7.67,6.11,5.10,5.97,217319,12.11
norway,N59RE010B,ALOS,md_dtm1m_1sec_area,DTM,100.00,-82.22,93.85,6.71,4.03,5.26,5.88,8.52,6.89,5.93,6.71,216594,13.55
norway,N59RE010C,ALOS,md_dtm1m_1sec_area,DTM,100.00,-82.22,93.85,4.49,3.84,5.06,2.95,6.76,4.71,3.03,4.49,216960,11.82
norway,N59TE009G,ALOS,md_dtm1m_1sec_area,DTM,93.44,-82.22,93.85,4.75,3.44,4.45,3.48,6.51,4.89,3.50,4.75,201814,11.32
norway,N59TE010A,ALOS,md_dtm1m_1sec_area,DTM,99.12,-82.22,93.85,5.39,3.33,4.30,4.41,6.89,5.49,4.42,5.39,214896,11.56
norway,N59TE010B,ALOS,md_dtm1m_1sec_area,DTM,100.00,-82.22,103.60,5.25,3.34,4.29,4.19,6.78,5.33,4.21,5.25,216596,11.27
norway,N59TE010C,ALOS,md_dtm1m_1sec_area,DTM,100.00,-82.22,103.60,2.52,3.27,4.54,0.09,5.19,2.72,0.09,2.52,216961,9.17
norway,N59QE009G,ALOS,md_dsm1m_1sec_area,DSM,76.65,-42.22,36.41,0.52,3.25,4.70,-0.03,4.73,3.21,2.14,0.52,167215,7.27
norway,N59RE009G,ALOS,md_dsm1m_1sec_area,DSM,100.00,-43.17,36.41,-0.88,3.00,4.31,-1.23,4.40,3.18,2.36,0.88,216960,6.76
norway,N59RE010A,ALOS,md_dsm1m_1sec_area,DSM,100.00,-43.17,93.13,0.27,3.69,5.12,-0.33,5.13,3.67,2.86,0.27,217319,7.41
norway,N59RE010B,ALOS,md_dsm1m_1sec_area,DSM,100.00,-82.23,93.13,1.93,3.43,4.92,1.83,5.28,3.84,2.90,1.93,216596,8.02
norway,N59RE010C,ALOS,md_dsm1m_1sec_area,DSM,100.00,-82.23,93.13,1.07,2.44,3.92,0.75,4.06,2.61,1.75,1.07,216960,5.77
norway,N59TE009G,ALOS,md_dsm1m_1sec_area,DSM,93.44,-82.23,93.13,-0.52,2.84,4.14,-0.85,4.17,2.93,2.07,0.52,201814,6.37
norway,N59TE010A,ALOS,md_dsm1m_1sec_area,DSM,99.12,-82.23,93.13,0.41,2.87,4.09,0.02,4.11,2.84,2.00,0.41,214897,6.09
norway,N59TE010B,ALOS,md_dsm1m_1sec_area,DSM,100.00,-82.23,98.86,1.28,3.25,4.49,1.57,4.67,3.54,2.77,1.28,216595,7.36
norway,N59TE010C,ALOS,md_dsm1m_1sec_area,DSM,100.00,-466.56,98.86,0.37,2.19,6.13,0.31,6.14,2.30,0.92,0.37,157855,5.28
norway,N59QE009G,NASA,md_dtm1m_1sec_point,DTM,76.65,-57.31,74.47,5.92,5.05,6.65,5.23,8.90,6.89,5.64,5.92,166293,14.34
norway,N59RE009G,NASA,md_dtm1m_1sec_point,DTM,100.00,-57.31,74.47,6.15,4.50,5.77,5.48,8.44,6.71,5.63,6.15,216958,13.7
norway,N59RE010A,NASA,md_dtm1m_1sec_point,DTM,100.00,-57.31,74.47,6.50,4.03,5.08,6.08,8.25,6.83,6.13,6.50,216958,13.19
norway,N59RE010B,NASA,md_dtm1m_1sec_point,DTM,100.00,-57.31,74.47,6.15,3.70,4.53,5.41,7.64,6.24,5.42,6.15,216958,12.47
norway,N59RE010C,NASA,md_dtm1m_1sec_point,DTM,100.00,-57.31,74.47,4.71,3.42,4.27,3.48,6.36,4.77,3.50,4.71,216961,11.09
norway,N59TE009G,NASA,md_dtm1m_1sec_point,DTM,93.44,-57.31,74.47,6.12,4.36,5.59,5.78,8.29,6.79,5.98,6.12,202731,13.37
norway,N59TE010A,NASA,md_dtm1m_1sec_point,DTM,99.12,-61.24,74.47,6.35,3.74,4.73,5.94,7.92,6.66,6.00,6.35,215047,12.55
norway,N59TE010B,NASA,md_dtm1m_1sec_point,DTM,100.00,-61.24,74.47,5.36,3.31,4.13,4.39,6.77,5.46,4.42,5.36,216957,11.36
norway,N59TE010C,NASA,md_dtm1m_1sec_point,DTM,100.00,-61.24,74.47,2.64,3.22,4.20,0.09,4.96,2.84,0.09,2.64,216960,9.04
norway,N59QE009G,NASA,md_dsm1m_1sec_point,DSM,76.65,-60.46,57.95,0.14,5.32,7.02,0.14,7.03,5.32,4.14,0.14,166295,11.49
norway,N59RE009G,NASA,md_dsm1m_1sec_point,DSM,100.00,-60.46,57.95,0.22,4.71,6.09,-0.10,6.10,4.71,3.76,0.22,216959,9.95
norway,N59RE010A,NASA,md_dsm1m_1sec_point,DSM,100.00,-60.46,57.95,0.80,4.28,5.48,0.66,5.54,4.31,3.46,0.80,216956,9.11
norway,N59RE010B,NASA,md_dsm1m_1sec_point,DSM,100.00,-60.46,57.95,1.37,3.58,4.78,1.44,4.97,3.81,2.90,1.37,216960,8.21
norway,N59RE010C,NASA,md_dsm1m_1sec_point,DSM,100.00,-60.46,57.95,1.29,2.83,4.06,1.27,4.26,3.13,2.32,1.29,216961,6.95
norway,N59TE009G,NASA,md_dsm1m_1sec_point,DSM,93.44,-60.46,57.95,0.85,4.65,6.05,0.74,6.11,4.69,3.67,0.85,202732,10.17
norway,N59TE010A,NASA,md_dsm1m_1sec_point,DSM,99.12,-67.08,57.95,1.38,4.23,5.45,1.49,5.62,4.40,3.53,1.38,215043,9.34
norway,N59TE010B,NASA,md_dsm1m_1sec_point,DSM,100.00,-67.08,57.95,1.38,3.38,4.54,1.78,4.74,3.72,2.97,1.38,216957,7.76
norway,N59TE010C,NASA,md_dsm1m_1sec_point,DSM,100.00,-501.56,57.95,0.50,2.74,6.37,0.45,6.39,2.86,1.53,0.50,158361,6.71
norway,N59QE009G,ASTER,md_dtm1m_1sec_point,DTM,76.65,-73.44,74.03,1.05,7.94,10.48,0.83,10.53,7.97,6.26,1.05,166293,17
norway,N59RE009G,ASTER,md_dtm1m_1sec_point,DTM,100.00,-73.44,74.03,3.96,7.28,9.49,3.21,10.28,7.75,6.00,3.96,216958,16.79
norway,N59RE010A,ASTER,md_dtm1m_1sec_point,DTM,100.00,-73.44,74.03,1.60,8.08,10.61,1.15,10.73,8.12,6.33,1.60,216958,17.44
norway,N59RE010B,ASTER,md_dtm1m_1sec_point,DTM,100.00,-73.44,74.03,-1.80,5.62,7.37,-1.96,7.59,5.85,4.72,1.80,216958,12.34
norway,N59RE010C,ASTER,md_dtm1m_1sec_point,DTM,100.00,-73.44,74.03,0.84,4.40,5.96,0.11,6.02,4.36,3.36,0.84,216961,9.82
norway,N59TE009G,ASTER,md_dtm1m_1sec_point,DTM,93.44,-73.44,74.03,3.74,7.89,10.12,3.15,10.79,8.29,6.63,3.74,202731,17.5
norway,N59TE010A,ASTER,md_dtm1m_1sec_point,DTM,99.12,-73.44,74.03,1.72,7.42,9.51,1.63,9.66,7.54,6.19,1.72,215047,15.79
norway,N59TE010B,ASTER,md_dtm1m_1sec_point,DTM,100.00,-73.44,74.03,-1.83,6.24,8.25,-1.79,8.44,6.43,5.11,1.83,216957,13.9
norway,N59TE010C,ASTER,md_dtm1m_1sec_point,DTM,100.00,-73.44,74.03,0.16,2.80,5.37,0.07,5.37,2.80,0.09,0.16,216960,8.81
norway,N59QE009G,ASTER,md_dsm1m_1sec_point,DSM,76.65,-80.25,68.85,-4.73,8.12,10.65,-4.56,11.66,8.99,7.27,4.73,166295,18.86
norway,N59RE009G,ASTER,md_dsm1m_1sec_point,DSM,100.00,-80.25,68.85,-1.97,7.18,9.36,-2.34,9.57,7.44,6.07,1.97,216959,15.57
norway,N59RE010A,ASTER,md_dsm1m_1sec_point,DSM,100.00,-80.25,68.85,-4.10,7.83,10.24,-4.23,11.03,8.60,7.02,4.10,216956,17.93
norway,N59RE010B,ASTER,md_dsm1m_1sec_point,DSM,100.00,-80.25,68.85,-6.58,6.14,7.88,-6.18,10.26,8.17,6.85,6.58,216960,16.87
norway,N59RE010C,ASTER,md_dsm1m_1sec_point,DSM,100.00,-80.25,68.85,-2.58,4.94,6.45,-1.71,6.95,5.06,3.81,2.58,216961,11.38
norway,N59TE009G,ASTER,md_dsm1m_1sec_point,DSM,93.44,-80.25,68.85,-1.53,7.61,9.82,-1.98,9.93,7.78,6.42,1.53,202732,16.02
norway,N59TE010A,ASTER,md_dsm1m_1sec_point,DSM,99.12,-80.25,68.85,-3.25,7.74,9.83,-3.03,10.35,8.14,6.74,3.25,215043,16.93
norway,N59TE010B,ASTER,md_dsm1m_1sec_point,DSM,100.00,-80.25,68.85,-5.81,6.65,8.60,-5.43,10.38,8.11,6.68,5.81,216957,17.12
norway,N59TE010C,ASTER,md_dsm1m_1sec_point,DSM,100.00,-501.56,68.85,-2.90,5.36,8.45,0.19,8.94,4.80,2.36,2.90,158361,12.83
norway,N59QE009G,FABDEM,md_dtm1m_1sec_point,DTM,76.65,-49.27,88.74,-0.86,5.20,7.17,-0.67,7.22,5.25,3.99,0.86,166028,11.71
norway,N59RE009G,FABDEM,md_dtm1m_1sec_point,DTM,100.00,-49.27,88.74,-1.02,4.98,6.68,-1.06,6.76,5.08,3.94,1.02,216597,11.18
norway,N59TE009G,FABDEM,md_dtm1m_1sec_point,DTM,93.44,-49.27,88.74,-1.07,4.34,5.82,-0.84,5.91,4.41,3.31,1.07,202382,9.79
norway,N59QE009G,FABDEM,md_dsm1m_1sec_point,DSM,76.65,-53.97,73.70,-6.63,6.11,7.70,-6.23,10.16,7.94,6.88,6.63,166030,16.62
norway,N59RE009G,FABDEM,md_dsm1m_1sec_point,DSM,100.00,-53.97,73.70,-6.95,5.52,6.96,-6.81,9.84,7.98,7.20,6.95,216598,15.99
norway,N59TE009G,FABDEM,md_dsm1m_1sec_point,DSM,93.44,-53.97,73.70,-6.35,4.92,6.22,-5.86,8.88,7.06,6.10,6.35,202383,14.55
pyrenees,N43PW002B,COP,md_dtm_2m_1sec_point,DTM,100.00,-31.93,68.71,6.34,8.97,11.10,6.33,12.79,10.30,8.92,6.34,130321,21.01
pyrenees,N43PW002C,COP,md_dtm_2m_1sec_point,DTM,100.00,-36.83,68.71,7.87,9.12,11.22,8.03,13.70,11.15,9.77,7.87,130320,22.62
pyrenees,N43PW002B,COP,md_dsm_5m_1sec_point,DSM,100.00,-46.06,62.19,-3.29,9.67,11.69,-3.30,12.14,9.98,8.96,3.29,130321,19.49
pyrenees,N43PW002C,COP,md_dsm_5m_1sec_point,DSM,100.00,-49.80,62.19,-1.31,9.37,11.40,-0.86,11.47,9.39,8.37,1.31,130321,18.49
pyrenees,N43PW002B,SRTM,md_dtm_2m_1sec_point,DTM,100.00,-44.10,61.67,4.30,8.65,10.81,4.40,11.63,9.35,8.02,4.30,130321,19.02
pyrenees,N43PW002C,SRTM,md_dtm_2m_1sec_point,DTM,100.00,-56.39,67.64,4.42,9.10,11.26,4.88,12.10,9.85,8.72,4.42,130320,19.5
pyrenees,N43PW002B,SRTM,md_dsm_5m_1sec_point,DSM,100.00,-53.14,55.15,-5.33,9.66,11.79,-5.32,12.94,10.51,9.15,5.33,130321,21.17
pyrenees,N43PW002C,SRTM,md_dsm_5m_1sec_point,DSM,100.00,-61.60,56.89,-4.76,9.68,11.86,-4.43,12.78,10.27,8.80,4.76,130321,21.05
pyrenees,N43PW002B,ALOS,md_dtm_2m_1sec_area,DTM,100.00,-68.79,80.68,5.73,8.09,9.82,4.78,11.37,8.90,7.08,5.73,130320,19.19
pyrenees,N43PW002C,ALOS,md_dtm_2m_1sec_area,DTM,100.00,-68.79,80.68,4.20,7.45,9.09,2.47,10.01,7.60,5.66,4.20,130320,17.21
pyrenees,N43PW002B,ALOS,md_dsm_5m_1sec_area,DSM,100.00,-70.50,79.38,-3.90,5.06,6.75,-3.90,7.80,6.07,5.04,3.90,130321,12.33
pyrenees,N43PW002C,ALOS,md_dsm_5m_1sec_area,DSM,100.00,-70.50,79.38,-5.01,4.87,6.43,-4.96,8.15,6.55,5.64,5.01,130321,13.07
pyrenees,N43PW002B,NASA,md_dtm_2m_1sec_point,DTM,100.00,-43.54,61.67,4.99,8.70,10.87,5.12,11.96,9.64,8.33,4.99,130321,19.51
pyrenees,N43PW002C,NASA,md_dtm_2m_1sec_point,DTM,100.00,-50.39,65.41,5.55,9.10,11.25,6.02,12.55,10.26,9.11,5.55,130320,20.24
pyrenees,N43PW002B,NASA,md_dsm_5m_1sec_point,DSM,100.00,-53.58,55.15,-4.64,9.67,11.80,-4.65,12.68,10.32,9.03,4.64,130321,20.67
pyrenees,N43PW002C,NASA,md_dsm_5m_1sec_point,DSM,100.00,-54.35,55.15,-3.63,9.65,11.81,-3.29,12.36,9.98,8.64,3.63,130321,20.23
pyrenees,N43PW002B,ASTER,md_dtm_2m_1sec_point,DTM,100.00,-78.71,91.41,3.56,11.86,14.95,3.14,15.37,12.12,10.08,3.56,130321,25.15
pyrenees,N43PW002C,ASTER,md_dtm_2m_1sec_point,DTM,100.00,-81.87,111.57,3.61,12.43,16.08,3.21,16.48,12.70,10.24,3.61,130320,26.64
pyrenees,N43PW002B,ASTER,md_dsm_5m_1sec_point,DSM,100.00,-78.97,78.95,-6.07,11.30,14.31,-6.20,15.55,12.38,10.47,6.07,130321,25.31
pyrenees,N43PW002C,ASTER,md_dsm_5m_1sec_point,DSM,100.00,-101.39,102.53,-5.57,11.60,15.02,-5.58,16.02,12.49,10.27,5.57,130321,25.8
pyrenees,N43PW002B,FABDEM,md_dtm_2m_1sec_point,DTM,100.00,-52.42,62.66,0.29,9.51,11.55,0.31,11.55,9.51,8.53,0.29,130321,18.77
pyrenees,N43PW002C,FABDEM,md_dtm_2m_1sec_point,DTM,100.00,-52.42,62.66,1.83,9.45,11.52,2.36,11.67,9.61,8.69,1.83,130320,18.75
pyrenees,N43PW002B,FABDEM,md_dsm_5m_1sec_point,DSM,100.00,-68.97,56.14,-9.34,11.25,13.45,-9.17,16.37,13.31,11.38,9.34,130321,27.27
pyrenees,N43PW002C,FABDEM,md_dsm_5m_1sec_point,DSM,100.00,-68.97,56.14,-7.35,10.83,13.07,-6.68,14.99,12.03,10.11,7.35,130321,25.17
